smiles,inchikey,lam_E_pipi,t12_s,logt12,source
Cn1nnc(N=Nc2ccccc2)n1,IABQAYISANLSNB-UHFFFAOYSA-N,310.0,3300700.859809263,6.518606166311219,photoswitches_csv
Cn1cnc(N=Nc2ccccc2)n1,LZNZBRVKZZWNLD-UHFFFAOYSA-N,310.0,1824071.5277893296,6.2610418644283286,photoswitches_csv
Cn1ccc(N=Nc2ccccc2)n1,HOZDTXOQNOROEJ-UHFFFAOYSA-N,320.0,6301338.005090412,6.799432775886913,photoswitches_csv
Cc1cn(C)nc1N=Nc1ccccc1,FIADAMNCJCPCND-UHFFFAOYSA-N,325.0,462098.12037329684,5.664734201989457,photoswitches_csv
Cn1cc(N=Nc2ccccc2)cn1,GZZDENQMAKNSOC-UHFFFAOYSA-N,328.0,91203576.38946648,7.960011868764347,photoswitches_csv
Cc1nn(C)c(C)c1N=Nc1ccccc1,DKJGFWFFQRMEBZ-UHFFFAOYSA-N,335.0,900191.1435843445,5.954334735872656,photoswitches_csv
Cn1nccc1N=Nc1ccccc1,WBXBKLPEWIIWHK-UHFFFAOYSA-N,341.0,936685.3791350612,5.971593741314162,photoswitches_csv
Cc1cnn(C)c1N=Nc1ccccc1,WRANWCACSODHGM-UHFFFAOYSA-N,340.0,43321.69878499658,4.636705478389214,photoswitches_csv
Cc1cc(/N=N/c2ccccc2)c(C)n1C,ZOQCNRPXMNAYFF-CCEZHUSRSA-N,363.0,315066.9002545206,5.498402780222932,photoswitches_csv
Cn1cccc1/N=N/c1ccccc1,TYYGNSUBSYLTHH-OUKQBFOZSA-N,385.0,10663.80277784531,4.027912104402283,photoswitches_csv
Cn1ccnc1/N=N/c1ccccc1,FLAQUJIURZWQSH-OUKQBFOZSA-N,363.0,31506.69002545206,4.498402780222932,photoswitches_csv
Cn1cnc(/N=N/c2ccccc2)c1,SVBOJUFXLRLJAC-OUKQBFOZSA-N,336.0,210044.60016968037,5.322311521167251,photoswitches_csv
Cn1cncc1/N=N/c1ccccc1,WVCNDLFWOJVXGP-OUKQBFOZSA-N,362.0,577622.6504666212,5.761644214997514,photoswitches_csv
Nc1ccc(N=Nc2cc[nH]n2)cc1,BWGOXBHIEJNXIQ-UHFFFAOYSA-N,391.0,,,photoswitches_csv
COc1ccc(N=Nc2cc[nH]n2)cc1,BYUWEDOHNCZJMI-UHFFFAOYSA-N,344.0,,,photoswitches_csv
Cc1ccc(N=Nc2cc[nH]n2)cc1,LTCRXBXPKPEHQX-UHFFFAOYSA-N,332.0,,,photoswitches_csv
c1cc(/N=N/c2ccn[nH]2)[nH]n1,XNQLMPZKLZSICC-VAWYXSNFSA-N,320.0,,,photoswitches_csv
c1ccc(N=Nc2cc[nH]n2)cc1,MRHYLMAOFZDURC-UHFFFAOYSA-N,324.0,,,photoswitches_csv
Brc1ccc(N=Nc2cc[nH]n2)cc1,GHOGBMITEKGTEG-UHFFFAOYSA-N,331.0,,,photoswitches_csv
Fc1ccccc1N=Nc1cc[nH]n1,VDAIBFGXWBDZQE-UHFFFAOYSA-N,328.0,,,photoswitches_csv
O=C(O)c1ccc(N=Nc2cc[nH]n2)cc1,CRIXOWGAXLGDKQ-UHFFFAOYSA-N,328.0,,,photoswitches_csv
CCOC(=O)c1ccc(/N=N/c2cc[nH]n2)cc1,ANDRYPNVLQUBSU-JQIJEIRASA-N,331.0,,,photoswitches_csv
CC(=O)c1ccc(N=Nc2cc[nH]n2)cc1,VUPCTRWGJXYJSI-UHFFFAOYSA-N,322.0,,,photoswitches_csv
O=[N+]([O-])c1ccc(N=Nc2cc[nH]n2)cc1,SMUSYMZMHFKLBR-UHFFFAOYSA-N,340.0,,,photoswitches_csv
Cn1cc(/N=N/c2c(F)cccc2F)cn1,ZMIJWCIBRKTKNH-CCEZHUSRSA-N,316.0,1444056626.1665528,9.159584223669551,photoswitches_csv
Cc1nn(C)c(C)c1/N=N/c1c(F)cccc1F,XJLPMJRJBZCHIQ-FOCLMDBBSA-N,328.0,8841163.01734624,6.9465093983607,photoswitches_csv
Cc1nn(C)c(C)c1/N=N/c1c(Cl)cccc1Cl,NXKXTUQGAHYHQU-FOCLMDBBSA-N,328.0,99733.40727481227,4.998840656455024,photoswitches_csv
COc1cccc(OC)c1/N=N/c1c(C)nn(C)c1C,ZNDHQLSUSGXLHP-FOCLMDBBSA-N,307.0,9600376.462049104,6.9822882634755,photoswitches_csv
Fc1ccccc1/N=N/c1ccccc1F,PMTXNUQIRPNAHA-FOCLMDBBSA-N,325.0,39600.03773830363,4.597695599802512,photoswitches_csv
Fc1cccc(F)c1/N=N/c1ccccc1,FNYUQQKAQPFIIJ-FOCLMDBBSA-N,309.0,89999.94553886513,4.954242246637352,photoswitches_csv
Fc1cccc(F)c1/N=N/c1c(F)cccc1F,GXJTVZCEUFPUFI-ISLYRVAYSA-N,305.0,331199.95095647493,5.52009026380326,photoswitches_csv
Fc1cc(F)c(/N=N/c2c(F)cc(F)cc2F)c(F)c1,HMLFKPVOBDCWOV-FMQUCBEESA-N,309.0,72202.83130832764,4.85855422800557,photoswitches_csv
Fc1cc(F)c(F)c(/N=N/c2c(F)c(F)cc(F)c2F)c1F,HQSLIVCCMCKVMW-QURGRASLSA-N,303.0,97200.05224409357,4.987666498355446,photoswitches_csv
Fc1c(F)c(F)c(/N=N/c2c(F)c(F)c(F)c(F)c2F)c(F)c1F,JLMLUOQMPDZUFW-WCWDXBQESA-N,310.0,16906.028794145008,4.228041604325403,photoswitches_csv
CCOC(=O)c1ccc(/N=N/c2c(F)cccc2F)cc1,LUXXJPPWUQLTRT-VHEBQXMUSA-N,316.0,75600.02885496769,4.878521961262461,photoswitches_csv
CCOC(=O)c1cc(F)c(/N=N/c2c(F)cc(C(=O)OCC)cc2F)c(F)c1,MTFFFSUIRIUNCP-WCWDXBQESA-N,314.0,53999.995369291304,4.732393722580537,photoswitches_csv
CCOC(=O)c1cc(F)c(/N=N/c2c(F)cccc2F)c(F)c1,QKIVZCPJLUOMQU-QZQOTICOSA-N,310.0,107999.99073858261,5.033423718244518,photoswitches_csv
CCOC(=O)c1ccc(/N=N/c2c(F)cc(C(=O)OCC)cc2F)cc1,ZGSSULSAXFRGCK-QURGRASLSA-N,320.0,28800.012488156077,4.459392676076456,photoswitches_csv
CCOC(=O)c1cc(F)c(/N=N/c2ccccc2)c(F)c1,GBROTAFOQOAPTF-VHEBQXMUSA-N,316.0,25200.00045662831,4.401400548651035,photoswitches_csv
COc1cc(NC(C)=O)ccc1/N=N/c1ccc(NC(C)=O)cc1OC,NPTOORIORJTZFV-QURGRASLSA-N,338.0,6840.000479197978,3.835056132145998,photoswitches_csv
COc1cc(NC(C)=O)cc(OC)c1/N=N/c1c(OC)cc(NC(C)=O)cc1OC,BHCFCTKJADSKDY-WCWDXBQESA-N,345.0,1209600.7255364307,6.082642038653472,photoswitches_csv
COc1ccncc1/N=N/c1ccccc1,RYVDMYSPZLZTKS-CCEZHUSRSA-N,332.0,79055998.14776175,7.897934826370062,photoswitches_csv
c1ccc(/N=N/c2cccnc2)cc1,IVVGFUBQYUHOKG-BUHFOSPRSA-N,322.0,820799.5715222247,5.9142371210552875,photoswitches_csv
Cc1ccncc1/N=N/c1ccccc1,IJPMEQFEMAVAFG-CCEZHUSRSA-N,322.0,359999.7821554605,5.556302237965315,photoswitches_csv
CC(C)c1ccncc1/N=N/c1ccccc1,OZEGRNCJRBRJCI-WUKNDPDISA-N,323.0,1137599.2407110787,6.055989293516582,photoswitches_csv
Ic1ccncc1/N=N/c1ccccc1,RVRRUAOCNNMLCT-CCEZHUSRSA-N,330.0,413999.64196930313,5.6169999655392004,photoswitches_csv
CCCn1cc(/N=N/c2ccc(C(C)(C)C)cc2)c(=O)[nH]c1=O,HCEVLFWSACAGKJ-FMQUCBEESA-N,375.0,701999.3929044707,5.846336736548107,photoswitches_csv
O=C1COc2ccccc2/N=N\c2ccccc2OCC(=O)O[C@H]2[C@H](OCc3ccccc3)[C@@H](OCc3ccccc3)[C@H](Sc3ccccc3)O[C@@H]2CO1,RTGCTODXSWSGIZ-YFBLMAAYSA-N,310.0,4406401.214967301,6.644084038323907,photoswitches_csv
Cc1n[nH]c(C)c1/N=N/c1ccccc1F,OISIULUPZHVGLA-FOCLMDBBSA-N,334.0,15234.003968350446,4.182814064388026,photoswitches_csv
Cc1noc(C)c1/N=N/c1ccccc1,XZVZHUGZPXUOPC-OUKQBFOZSA-N,315.0,,,photoswitches_csv
Cc1noc(C)c1/N=N/c1ccccc1F,UBZMSRLJQRMEQR-BUHFOSPRSA-N,321.0,,,photoswitches_csv
Cc1noc(C)c1/N=N/c1cccc(F)c1,QIZXKEOJZIZUSP-BUHFOSPRSA-N,315.0,,,photoswitches_csv
Cc1noc(C)c1/N=N/c1ccc(F)cc1,QCJRPHFIMDRUBQ-BUHFOSPRSA-N,318.0,,,photoswitches_csv
Cc1noc(C)c1/N=N/c1ccccc1Cl,OHPURHSNLBQQGZ-BUHFOSPRSA-N,321.0,,,photoswitches_csv
Cc1noc(C)c1/N=N/c1cccc(Cl)c1,DDCDVFXSOIMTHH-BUHFOSPRSA-N,315.0,,,photoswitches_csv
Cc1noc(C)c1/N=N/c1ccc(Cl)cc1,RNGOLCHPRVGAPG-BUHFOSPRSA-N,323.0,,,photoswitches_csv
Cc1noc(C)c1/N=N/c1ccccc1Br,KSMFUJYMWCZIJG-BUHFOSPRSA-N,321.0,,,photoswitches_csv
Cc1noc(C)c1/N=N/c1cccc(Br)c1,ZRKWAUOCDZTOCR-BUHFOSPRSA-N,315.0,,,photoswitches_csv
Cc1noc(C)c1/N=N/c1ccc(Br)cc1,BXRZPJIPYRBAKC-BUHFOSPRSA-N,325.0,,,photoswitches_csv
Cc1noc(C)c1/N=N/c1ccc(I)cc1,WAUREJQUYNZJQH-BUHFOSPRSA-N,330.0,,,photoswitches_csv
Cc1noc(C)c1/N=N/c1cccc(O)c1,XNLYSMYDATZRHP-OUKQBFOZSA-N,313.0,,,photoswitches_csv
Cc1noc(C)c1/N=N/c1cccc(C(F)(F)F)c1,GNMNWVYKOIYIIF-WUKNDPDISA-N,314.0,,,photoswitches_csv
Cc1noc(C)c1/N=N/c1ccc(C(F)(F)F)cc1,WVCHMHBJQLQSDT-WUKNDPDISA-N,312.0,,,photoswitches_csv
COc1ccccc1/N=N/c1c(C)noc1C,LGQVBDFWRLUZET-BUHFOSPRSA-N,311.0,,,photoswitches_csv
COc1cccc(/N=N/c2c(C)noc2C)c1,VVWCQTFDBWEJJS-BUHFOSPRSA-N,312.0,,,photoswitches_csv
COc1ccc(/N=N/c2c(C)noc2C)cc1,GQZVEJORSBYZAF-BUHFOSPRSA-N,337.0,,,photoswitches_csv
Cc1noc(C)c1/N=N/c1ccccc1[N+](=O)[O-],CGLQEIVUHVTQHN-OUKQBFOZSA-N,318.0,,,photoswitches_csv
Cc1noc(C)c1/N=N/c1ccc([N+](=O)[O-])cc1,SNRCXNZQKHKBSH-OUKQBFOZSA-N,332.0,,,photoswitches_csv
Cc1ccc(/N=N/c2c(C)noc2C)cc1,YXPIBSZLTCUYQF-BUHFOSPRSA-N,323.0,,,photoswitches_csv
CC(=O)Nc1cccc(/N=N/c2c(C)noc2C)c1,BZLJDZFXIBSLBO-FOCLMDBBSA-N,315.0,,,photoswitches_csv
CC(=O)Nc1ccc(/N=N/c2c(C)noc2C)cc1,KHRONIHWYDYRAS-FOCLMDBBSA-N,342.0,,,photoswitches_csv
Cc1noc(C)c1/N=N/c1cccc2ccccc12,WJRMGKZZYSCUHU-WUKNDPDISA-N,362.0,,,photoswitches_csv
Cc1noc(C)c1/N=N/c1cc(Cl)ccc1Cl,FXBLWOJWNPWLLS-CCEZHUSRSA-N,320.0,,,photoswitches_csv
Cc1noc(C)c1/N=N/c1c(Cl)cccc1Cl,YNVVMYSFXMBMKE-CCEZHUSRSA-N,297.0,,,photoswitches_csv
Cc1noc(C)c1/N=N/c1ccc(F)cc1F,LTXNYLCIABTGAE-CCEZHUSRSA-N,324.0,,,photoswitches_csv
Cc1noc(C)c1/N=N/c1cc(F)ccc1F,VNEOWYGTDYFWTE-CCEZHUSRSA-N,328.0,,,photoswitches_csv
Cc1noc(C)c1/N=N/c1c(F)cccc1F,JXILHNKXPDFPCS-CCEZHUSRSA-N,309.0,,,photoswitches_csv
Cc1noc(C)c1/N=N/c1cc(F)cc(F)c1,DNKZYNZZYITUQD-CCEZHUSRSA-N,315.0,,,photoswitches_csv
Cc1noc(C)c1/N=N/c1cccc(N)c1,HMRDPKXPLIZPQI-BUHFOSPRSA-N,315.0,,,photoswitches_csv
Cc1noc(C)c1/N=N/c1ccccc1C#N,VYSSROJCFUXYQD-CCEZHUSRSA-N,325.0,,,photoswitches_csv
Cc1noc(C)c1/N=N/c1cccnc1,PQBKCMKVRFUWEW-OUKQBFOZSA-N,316.0,,,photoswitches_csv
Cc1ccc(/N=N/c2cccs2)cc1,WTAKZSSRYXONRA-OUKQBFOZSA-N,365.0,,,photoswitches_csv
c1ccc(/N=N/c2ccccc2)cc1,DMLAVOWQYNRWNQ-BUHFOSPRSA-N,319.0,,,photoswitches_csv
Brc1ccccc1/N=N/c1ccccc1,MULAQBQFTFXRFO-CCEZHUSRSA-N,326.0,,,photoswitches_csv
FC(F)(F)c1ccccc1/N=N/c1ccccc1,GFEOPUCZLZUCHA-ISLYRVAYSA-N,317.0,,,photoswitches_csv
Cc1ccccc1/N=N/c1ccccc1,CFNRNHFKQPOFMH-CCEZHUSRSA-N,323.0,,,photoswitches_csv
Nc1ccccc1/N=N/c1ccccc1,KQZBSZUGKSCFBL-CCEZHUSRSA-N,421.0,,,photoswitches_csv
Brc1cccc(/N=N/c2ccccc2)c1,FMNSVCUNXLMOSA-CCEZHUSRSA-N,321.0,,,photoswitches_csv
Cc1cccc(/N=N/c2ccccc2)c1,VCCPFNMAICRKLQ-CCEZHUSRSA-N,322.0,,,photoswitches_csv
Nc1cccc(/N=N/c2ccccc2)c1,FOTUJFGXQAJEIJ-CCEZHUSRSA-N,417.0,,,photoswitches_csv
O=[N+]([O-])c1cccc(/N=N/c2ccccc2)c1,YDVWTPOYERGSCU-BUHFOSPRSA-N,327.0,,,photoswitches_csv
Brc1ccc(/N=N/c2ccccc2)cc1,SVJSEJOASMWXGQ-CCEZHUSRSA-N,329.0,,,photoswitches_csv
FC(F)(F)c1ccc(/N=N/c2ccccc2)cc1,PWESFWBCEFITQH-ISLYRVAYSA-N,315.0,,,photoswitches_csv
Clc1ccc(/N=N/c2ccccc2)cc1,NJFDMENHTAYHMA-CCEZHUSRSA-N,324.0,,,photoswitches_csv
N#Cc1ccc(/N=N/c2ccccc2)cc1,KFGLGJJFHLSWSU-FOCLMDBBSA-N,321.0,,,photoswitches_csv
CC(=O)c1ccc(/N=N/c2ccccc2)cc1,UYXKSJRBCLSBNE-FOCLMDBBSA-N,326.0,,,photoswitches_csv
COC(=O)c1ccc(/N=N/c2ccccc2)cc1,SUFXZYCPKGRJIZ-FOCLMDBBSA-N,328.0,,,photoswitches_csv
Fc1ccc(/N=N/c2ccccc2)cc1,GZMHQJVQKFZDLR-CCEZHUSRSA-N,322.0,,,photoswitches_csv
Oc1ccc(/N=N/c2ccccc2)cc1,BEYOBVMPDRKTNR-BUHFOSPRSA-N,339.0,,,photoswitches_csv
O=C1C=CC(=O)N1c1ccc(/N=N/c2ccccc2)cc1,DVNPYLMPVFDKGZ-ISLYRVAYSA-N,329.0,,,photoswitches_csv
Cc1ccc(/N=N/c2ccccc2)cc1,GIJSVMOPNUOZBC-CCEZHUSRSA-N,330.0,,,photoswitches_csv
CCN(CC)c1ccc(/N=N/c2ccccc2)cc1,SJJISKLXUJVZOA-ISLYRVAYSA-N,416.0,,,photoswitches_csv
Nc1ccc(/N=N/c2ccccc2)cc1,QPQKUYVSJWQSDY-CCEZHUSRSA-N,364.0,,,photoswitches_csv
CC(=O)Nc1ccc(/N=N/c2ccccc2)cc1,WSHHPNYAXLDUTG-WUKNDPDISA-N,346.0,,,photoswitches_csv
CNc1ccc(/N=N/c2ccccc2)cc1,DKOXITJAUZNAPK-FOCLMDBBSA-N,380.0,,,photoswitches_csv
CN(C)c1ccc(/N=N/c2ccccc2)cc1,JCYPECIVGRXBMO-FOCLMDBBSA-N,408.0,,,photoswitches_csv
O=[N+]([O-])c1ccc(/N=N/c2ccccc2)cc1,TZTDJBMGPQLSLI-BUHFOSPRSA-N,333.0,,,photoswitches_csv
c1ccc(/N=N/c2ccc(Nc3ccccc3)cc2)cc1,VXLFYNFOITWQPM-QZQOTICOSA-N,411.0,,,photoswitches_csv
FC(F)(F)c1ccccc1/N=N/c1ccccc1C(F)(F)F,YEBGREBWFVQFDM-QURGRASLSA-N,317.0,,,photoswitches_csv
Clc1ccccc1/N=N/c1ccccc1Cl,FIQUJBRQBIUISO-FOCLMDBBSA-N,328.0,,,photoswitches_csv
Cc1ccccc1/N=N/c1ccccc1C,LNXCQLYWNWAIRB-FOCLMDBBSA-N,331.0,,,photoswitches_csv
Cc1cccc(C)c1/N=N/c1ccccc1,DZNGDSIUMXXSQX-FOCLMDBBSA-N,316.0,,,photoswitches_csv
Brc1cccc(/N=N/c2cccc(Br)c2)c1,VEVQNDVHZNOSHX-FOCLMDBBSA-N,320.0,,,photoswitches_csv
Clc1cccc(/N=N/c2cccc(Cl)c2)c1,ZAUXEPYLONOZEK-FOCLMDBBSA-N,320.0,,,photoswitches_csv
Fc1cccc(/N=N/c2cccc(F)c2)c1,XGZUVWDFPZDZAQ-FOCLMDBBSA-N,320.0,,,photoswitches_csv
Cc1cccc(/N=N/c2cccc(C)c2)c1,HPSZIXYLILUGIP-FOCLMDBBSA-N,331.0,,,photoswitches_csv
Brc1ccc(/N=N/c2ccc(Br)cc2)cc1,LTPLLZWVPBTAMH-FOCLMDBBSA-N,324.0,,,photoswitches_csv
Clc1ccc(/N=N/c2ccc(Cl)cc2)cc1,XHQLXCFUPJSGOE-FOCLMDBBSA-N,331.0,,,photoswitches_csv
FC(F)(F)c1ccc(/N=N/c2ccc(C(F)(F)F)cc2)cc1,CQHZRYVXUANNRW-QURGRASLSA-N,313.0,,,photoswitches_csv
Fc1ccc(/N=N/c2ccc(F)cc2)cc1,LPEOJAQIOYPHTK-FOCLMDBBSA-N,325.0,,,photoswitches_csv
Cc1ccc(/N=N/c2ccc(C)cc2)cc1,WNVWWDKUMKBZQV-FOCLMDBBSA-N,326.0,,,photoswitches_csv
Cc1cccc(/N=N/c2cccc(C)c2C)c1C,YWNDOGNUMDQAEX-ISLYRVAYSA-N,332.0,,,photoswitches_csv
Cc1ccc(/N=N/c2ccc(C)cc2C)c(C)c1,CYYXARGGNXTAAM-ISLYRVAYSA-N,346.0,,,photoswitches_csv
Cc1ccc(C)c(/N=N/c2cc(C)ccc2C)c1,VQXWBCZVCAOSHC-ISLYRVAYSA-N,336.0,,,photoswitches_csv
Cc1ccc(/N=N/c2ccc(C)c(C)c2)cc1C,WEVSWJHEFVKUSR-ISLYRVAYSA-N,333.0,,,photoswitches_csv
Cc1c(Cl)cccc1/N=N/c1cccc(Cl)c1C,ITGXGGYRXNZDOO-ISLYRVAYSA-N,329.0,,,photoswitches_csv
Cc1cc(Cl)ccc1/N=N/c1ccc(Cl)cc1C,OZDRHNMGLLLVRU-ISLYRVAYSA-N,346.0,,,photoswitches_csv
Brc1cc(Br)c(/N=N/c2c(Br)cc(Br)cc2Br)c(Br)c1,KJKRSCLLAYRBIS-FMQUCBEESA-N,302.0,,,photoswitches_csv
Cc1cc(C)c(/N=N/c2c(C)cc(C)cc2C)c(C)c1,NFOOWWPQFWDOIP-FMQUCBEESA-N,325.0,,,photoswitches_csv
CCN(CC)c1ccc(/N=N/c2ccccc2C#N)cc1,ZUQMJRFXPPTOGU-FMQUCBEESA-N,462.0,,,photoswitches_csv
CN(C)c1ccc(/N=N/c2ccccc2C(=O)O)cc1,CEQFOVLGLXCDCX-WUKNDPDISA-N,410.0,,,photoswitches_csv
Nc1ccc(/N=N/c2ccccc2)c(N)c1,IWRVPXDHSLTIOC-FOCLMDBBSA-N,411.0,,,photoswitches_csv
O=[N+]([O-])c1ccccc1/N=N/c1ccccc1[N+](=O)[O-],QARMSQRZTXVCAA-BUHFOSPRSA-N,323.0,,,photoswitches_csv
Oc1ccc(/N=N/c2ccccc2)c(O)c1,BPTKLSBRRJFNHJ-BUHFOSPRSA-N,400.0,,,photoswitches_csv
Cc1ccc(O)c(/N=N/c2ccccc2)c1,NJOXSODFMZIZJD-CCEZHUSRSA-N,330.0,,,photoswitches_csv
CCN(CC)c1ccc(/N=N/c2cccc(C#N)c2)cc1,JWMZWVMYRCQPIE-FMQUCBEESA-N,446.0,,,photoswitches_csv
O=[N+]([O-])c1cccc(/N=N/c2cccc([N+](=O)[O-])c2)c1,SYXZBJMDUGLCBV-BUHFOSPRSA-N,311.0,,,photoswitches_csv
CN(C)c1ccc(/N=N/c2ccc(Br)cc2)cc1,GMAYRELXLJMMQU-WUKNDPDISA-N,419.0,,,photoswitches_csv
CN(C)c1ccc(/N=N/c2ccc(Cl)cc2)cc1,WQWHNMIYCHFRJK-WUKNDPDISA-N,416.0,,,photoswitches_csv
CN(C)c1ccc(/N=N/c2ccc(C(F)(F)F)cc2)cc1,HUUYCTQBVFYZFN-FMQUCBEESA-N,427.0,,,photoswitches_csv
CCN(CC)c1ccc(/N=N/c2ccc(C#N)cc2)cc1,UBVTXOYOGDEDBU-FMQUCBEESA-N,466.0,,,photoswitches_csv
COC(=O)c1ccc(/N=N/c2ccc(N(C)C)cc2)cc1,JTFDDDDHFROPQU-ISLYRVAYSA-N,442.0,,,photoswitches_csv
CN(C)c1ccc(/N=N/c2ccc(F)cc2)cc1,OQJQPXJGJJPOEK-WUKNDPDISA-N,407.0,,,photoswitches_csv
Cc1ccc(/N=N/c2ccc(N(C)C)cc2)cc1,IPIZWPBCCYXHDW-WUKNDPDISA-N,400.0,,,photoswitches_csv
CCN(CC)c1ccc(/N=N/c2ccc(C)cc2)cc1,PLMSBTMZGPIOAZ-VHEBQXMUSA-N,411.0,,,photoswitches_csv
CCN(CC)c1ccc(/N=N/c2ccc(N(CC)CC)cc2)cc1,ULWJZUJIVQSWSQ-QURGRASLSA-N,426.0,,,photoswitches_csv
CCN(CC)c1ccc(/N=N/c2ccc(N)cc2)cc1,GJHHSJRCUUFBLO-VHEBQXMUSA-N,412.0,,,photoswitches_csv
CCN(CC)c1ccc(/N=N/c2ccc(N(C)C)cc2)cc1,QXXCXRVTDLNQRA-FMQUCBEESA-N,420.0,,,photoswitches_csv
CCN(CC)c1ccc(/N=N/c2ccc([N+](=O)[O-])cc2)cc1,LVQIWDUSUJTZJF-ISLYRVAYSA-N,482.0,,,photoswitches_csv
N#CCCNc1ccc(/N=N/c2ccc([N+](=O)[O-])cc2)cc1,WJKJAMXQXZNCTQ-VHEBQXMUSA-N,455.0,,,photoswitches_csv
O=[N+]([O-])c1ccc(/N=N/c2ccc(NCCO)cc2)cc1,LWBSCZRRCBRJPN-WUKNDPDISA-N,503.0,,,photoswitches_csv
CN(C)c1ccc(/N=N/c2ccc(N)cc2)cc1,BVRIUXYMUSKBHG-WUKNDPDISA-N,410.0,,,photoswitches_csv
Nc1ccc(/N=N/c2ccc([N+](=O)[O-])cc2)cc1,UNBOSJFEZZJZLR-CCEZHUSRSA-N,441.0,,,photoswitches_csv
CN(C)c1ccc(/N=N/c2ccc(N(C)C)cc2)cc1,NMTGSDIMWJJCNO-ISLYRVAYSA-N,455.0,,,photoswitches_csv
CN(C)c1ccc(/N=N/c2ccccc2[N+](=O)[O-])cc1,AZQHHHBFJVTYJU-FOCLMDBBSA-N,440.0,,,photoswitches_csv
CN(C)c1ccc(/N=N/c2cccc([N+](=O)[O-])c2)cc1,BISWHFCOHYEFQW-FOCLMDBBSA-N,420.0,,,photoswitches_csv
CN(C)c1ccc(/N=N/c2ccc([N+](=O)[O-])cc2)cc1,LSFRFLVWCKLQTO-FOCLMDBBSA-N,473.0,,,photoswitches_csv
O=[N+]([O-])c1ccc(/N=N/c2ccc(Nc3ccccc3)cc2)cc1,YFVXLROHJBSEDW-QZQOTICOSA-N,483.0,,,photoswitches_csv
O=[N+]([O-])c1ccc(/N=N/c2ccc([N+](=O)[O-])cc2)cc1,BYLJUTWUGSHKJB-BUHFOSPRSA-N,335.0,,,photoswitches_csv
O=[N+]([O-])c1ccc(/N=N/c2ccc(O)cc2)cc1,NRJPVIOTANUINF-BUHFOSPRSA-N,382.0,,,photoswitches_csv
Oc1ccc(/N=N/c2ccc(O)cc2)cc1,WKODVHZBYIBMOC-BUHFOSPRSA-N,355.0,,,photoswitches_csv
Cc1ccccc1/N=N/c1ccc(N(C)C)cc1C,DEFNFSBSURXTQC-ISLYRVAYSA-N,400.0,,,photoswitches_csv
Cc1cc(C)cc(/N=N/c2ccccc2O)c1,FNIULCMADCCDQN-FOCLMDBBSA-N,332.0,,,photoswitches_csv
CC(=O)Nc1ccc(/N=N/c2cc(C)ccc2O)cc1,PXOZAFXVEWKXED-ISLYRVAYSA-N,357.0,,,photoswitches_csv
O=C(O)c1cc(/N=N/c2ccc([N+](=O)[O-])cc2)ccc1O,YVJPMMYYRNHJAU-CCEZHUSRSA-N,385.0,,,photoswitches_csv
Cc1cc(C)cc(/N=N/c2ccc(O)cc2)c1,AOWVHANEARLKEN-FOCLMDBBSA-N,351.0,,,photoswitches_csv
CCN(CC)c1ccc(/N=N/c2ccc(C#N)cc2C#N)cc1,IDYHLELKYDVLBR-QURGRASLSA-N,515.0,,,photoswitches_csv
CCN(CC)c1ccc(/N=N/c2cc(C#N)ccc2C#N)cc1,QIMBHWMIZJBDOP-QURGRASLSA-N,495.0,,,photoswitches_csv
CCN(CC)c1ccc(/N=N/c2c(C#N)cccc2C#N)cc1,SYFLONWKJKBXND-QURGRASLSA-N,503.0,,,photoswitches_csv
CCN(CC)c1ccc(/N=N/c2ccc(C#N)c(C#N)c2)cc1,OQBKTWNTCNXQGU-QURGRASLSA-N,500.0,,,photoswitches_csv
CCN(CC)c1ccc(/N=N/c2cc(C#N)cc(C#N)c2)cc1,NBJRFOPLYKOOMV-QURGRASLSA-N,478.0,,,photoswitches_csv
O=[N+]([O-])c1ccc(/N=N/c2ccc(O)cc2O)cc1,NGPGYVQZGRJHFJ-BUHFOSPRSA-N,432.0,,,photoswitches_csv
Cc1cc(Cl)ccc1/N=N/c1ccc(N(C)C)cc1C,KVXCQJRZATXXOI-VHEBQXMUSA-N,411.0,,,photoswitches_csv
Cc1cc(N(C)C)ccc1/N=N/c1ccc([N+](=O)[O-])cc1C,VPMYEZJCLGVDEL-ISLYRVAYSA-N,452.0,,,photoswitches_csv
Cc1cc(N(C)C)ccc1/N=N/c1cc([N+](=O)[O-])ccc1C,PTAQEYYALHTBAI-ISLYRVAYSA-N,425.0,,,photoswitches_csv
Cc1ccc(/N=N/c2ccc(N(C)C)cc2C)c(C)c1,TYFZNSGZDJBFLG-VHEBQXMUSA-N,399.0,,,photoswitches_csv
CCN(CC)c1ccc(/N=N/c2c(C#N)cc(C#N)cc2C#N)c(C)c1,UOKBRCOVIMBTQQ-OCOZRVBESA-N,562.0,,,photoswitches_csv
Cc1ccc(O)c(/N=N/c2cc([N+](=O)[O-])cc([N+](=O)[O-])c2O)c1,FOKSPEFAGGJDHP-CCEZHUSRSA-N,400.0,,,photoswitches_csv
CC(=O)Nc1cc(C)cc(/N=N/c2cc([N+](=O)[O-])cc([N+](=O)[O-])c2O)c1O,YRAINWPKPRBSTH-ISLYRVAYSA-N,400.0,,,photoswitches_csv
Nc1cc(N)c(/N=N/c2cc([N+](=O)[O-])cc([N+](=O)[O-])c2O)cc1Cl,HCOPKOHYVNROPN-WUKNDPDISA-N,492.0,,,photoswitches_csv
Cc1cc(/N=N/c2cc(C)c([N+](=O)[O-])c(C)c2)cc(C)c1N(C)C,GGOKTEDALSZHNT-FMQUCBEESA-N,382.0,,,photoswitches_csv
c1cc(N2CCOCC2)ccc1/N=N/c1ccc(N2CCOCC2)cc1,SCCSBRLPUMFNPB-QURGRASLSA-N,402.0,,,photoswitches_csv
c1cc(N2CCCCC2)ccc1/N=N/c1ccc(N2CCCCC2)cc1,XQHYRLCQHBXWQL-WCWDXBQESA-N,410.0,,,photoswitches_csv
c1cc(N2CCCC2)ccc1/N=N/c1ccc(N2CCCC2)cc1,PKXRKGIDQPFNRW-QURGRASLSA-N,431.0,,,photoswitches_csv
Cc1cc(/N=N/c2ccc(N3CCCC3)c(C)c2)ccc1N1CCCC1,RBORGDDRVDGSBI-WCWDXBQESA-N,406.0,,,photoswitches_csv
COc1cc(/N=N/c2ccc(N3CCCC3)c(OC)c2)ccc1N1CCCC1,BOVOWEAUJSHWLR-WCWDXBQESA-N,452.0,,,photoswitches_csv
CCN(CC)c1ccc(/N=N/c2ccc(N3CCOCC3)cc2)cc1,IOCCYENKFRNYFR-QURGRASLSA-N,417.0,,,photoswitches_csv
CCN(CC)c1ccc(/N=N/c2ccc(N3CCCCC3)cc2)cc1,YFZDNQPNMDVGFO-GHVJWSGMSA-N,420.0,,,photoswitches_csv
CCN(CC)c1ccc(/N=N/c2ccc(N3CCOCC3)c(C)c2)cc1,ZHQWZRLGBXWPQY-GHVJWSGMSA-N,412.0,,,photoswitches_csv
CCN(CC)c1ccc(/N=N/c2ccc(N3CCOCC3)c(OC)c2)cc1,DXOSJVMCWCJLBN-GHVJWSGMSA-N,422.0,,,photoswitches_csv
CCN(CC)c1ccc(/N=N/c2ccc([N+](=O)[O-])cc2)c(OC)c1,WGLRXPVPCZACSE-VHEBQXMUSA-N,501.0,,,photoswitches_csv
COc1cc(/N=N/c2ccc([N+](=O)[O-])cc2)ccc1N,UXLCBMUEIPAQSZ-FOCLMDBBSA-N,488.0,,,photoswitches_csv
CCN(CC)c1ccc(/N=N/c2ccc([N+](=O)[O-])cc2Cl)cc1,CHHPPGYOSWRCKO-VHEBQXMUSA-N,512.0,,,photoswitches_csv
CCN(CC)c1ccc(/N=N/c2ccc([N+](=O)[O-])cc2[N+](=O)[O-])cc1,MZKPZDRFDHZNND-ISLYRVAYSA-N,532.0,,,photoswitches_csv
CCN(CC)c1ccc(/N=N/c2ccc([N+](=O)[O-])cc2C#N)cc1,IQVHLIMILWPTRL-FMQUCBEESA-N,542.0,,,photoswitches_csv
CCN(CC)c1ccc(/N=N/c2c(Br)cc([N+](=O)[O-])cc2[N+](=O)[O-])cc1,BFGFQZGQEMFILO-VHEBQXMUSA-N,540.0,,,photoswitches_csv
CCN(CC)c1ccc(/N=N/c2c(Cl)cc([N+](=O)[O-])cc2C#N)cc1,NQRFRUSBJBMVOJ-QZQOTICOSA-N,551.0,,,photoswitches_csv
CCN(CC)c1ccc(/N=N/c2c(C#N)cc([N+](=O)[O-])cc2C#N)cc1,CHHFVXMREVWSSF-QURGRASLSA-N,592.0,,,photoswitches_csv
CCN(CC)c1ccc(/N=N/c2ccc([N+](=O)[O-])cc2Cl)c(OC)c1,GJNPZAJZMIRORR-FMQUCBEESA-N,526.0,,,photoswitches_csv
CCN(CC)c1ccc(/N=N/c2ccc([N+](=O)[O-])cc2[N+](=O)[O-])c(OC)c1,PQPBGWOJJRWGJF-VHEBQXMUSA-N,545.0,,,photoswitches_csv
CCN(CC)c1ccc(/N=N/c2ccc([N+](=O)[O-])cc2C#N)c(OC)c1,AHWCWVFNVZKPHX-QZQOTICOSA-N,555.0,,,photoswitches_csv
CCN(CC)c1ccc(/N=N/c2c(Br)cc([N+](=O)[O-])cc2[N+](=O)[O-])c(OC)c1,YFZBTAMPWSWRBC-FMQUCBEESA-N,554.0,,,photoswitches_csv
CCN(CC)c1ccc(/N=N/c2c(Cl)cc([N+](=O)[O-])cc2C#N)c(OC)c1,VGFOBXIAEUSIRU-QURGRASLSA-N,565.0,,,photoswitches_csv
CCN(CC)c1ccc(/N=N/c2c(C#N)cc([N+](=O)[O-])cc2C#N)c(OC)c1,UKLOVIZILBCTFK-GHVJWSGMSA-N,601.0,,,photoswitches_csv
CCN(CC)c1ccc(/N=N/c2ccc([N+](=O)[O-])cc2)cc1OC,RZFDENCBONFJJO-VHEBQXMUSA-N,492.0,,,photoswitches_csv
CCN(CC)c1ccc(/N=N/c2ccc([N+](=O)[O-])cc2Cl)cc1OC,ZDDHSPOHYDCBTH-FMQUCBEESA-N,518.0,,,photoswitches_csv
CCN(CC)c1ccc(/N=N/c2ccc([N+](=O)[O-])cc2[N+](=O)[O-])cc1OC,OHKVANLFLUAKQV-VHEBQXMUSA-N,540.0,,,photoswitches_csv
CCN(CC)c1ccc(/N=N/c2ccc([N+](=O)[O-])cc2C#N)cc1OC,DVWLCFAWPIPWDP-QZQOTICOSA-N,555.0,,,photoswitches_csv
CCN(CC)c1ccc(/N=N/c2c(Br)cc([N+](=O)[O-])cc2[N+](=O)[O-])cc1OC,LEPJPSHAIUNQDD-FMQUCBEESA-N,549.0,,,photoswitches_csv
CCN(CC)c1ccc(/N=N/c2c(Cl)cc([N+](=O)[O-])cc2C#N)cc1OC,LTTSNXDTHQLFRP-QURGRASLSA-N,573.0,,,photoswitches_csv
CCN(CC)c1ccc(/N=N/c2c(C#N)cc([N+](=O)[O-])cc2C#N)cc1OC,WOKBGTMVVOBZFT-GHVJWSGMSA-N,623.0,,,photoswitches_csv
Cc1cc(N(CCO)CCC#N)ccc1/N=N/c1ccccc1,PLRMWCIMVMOELQ-QZQOTICOSA-N,403.0,,,photoswitches_csv
Cc1cc(N(CCO)CCC#N)ccc1/N=N/c1ccccc1[N+](=O)[O-],MAWDAVPZEGMBRP-QZQOTICOSA-N,429.0,,,photoswitches_csv
Cc1cc(N(CCO)CCC#N)ccc1/N=N/c1cccc([N+](=O)[O-])c1,PFOAKYIEXOUINP-QZQOTICOSA-N,424.0,,,photoswitches_csv
Cc1cc(N(CCO)CCC#N)ccc1/N=N/c1ccc([N+](=O)[O-])cc1,PIBTYZGGTBGGCN-QZQOTICOSA-N,461.0,,,photoswitches_csv
Cc1cc(N(CCO)CCC#N)ccc1/N=N/c1ccccc1Br,OUJUGSWKLWXKEA-QURGRASLSA-N,417.0,,,photoswitches_csv
Cc1cc(N(CCO)CCC#N)ccc1/N=N/c1cccc(Br)c1,WQTRVNBAVFVQQM-QURGRASLSA-N,414.0,,,photoswitches_csv
Cc1cc(N(CCO)CCC#N)ccc1/N=N/c1ccccc1Cl,ADJBOLPBTZEBTB-QURGRASLSA-N,412.0,,,photoswitches_csv
Cc1cc(N(CCO)CCC#N)ccc1/N=N/c1cccc(Cl)c1,NZSSYNIFAJYONV-QURGRASLSA-N,410.0,,,photoswitches_csv
Cc1cc(N(CCO)CCC#N)ccc1/N=N/c1ccc(Cl)cc1,YBPGDTWCEIWNJC-QURGRASLSA-N,413.0,,,photoswitches_csv
Cc1cc(N(CCO)CCC#N)ccc1/N=N/c1ccccc1F,DEBAYHPPHFFTMD-QURGRASLSA-N,417.0,,,photoswitches_csv
Cc1cc(N(CCO)CCC#N)ccc1/N=N/c1cccc(F)c1,MGXFQBKDKSLDMS-QURGRASLSA-N,415.0,,,photoswitches_csv
Cc1cc(N(CCO)CCC#N)ccc1/N=N/c1ccccc1C(F)(F)F,KEBQQAMOPGQMQS-OCOZRVBESA-N,419.0,,,photoswitches_csv
Cc1cc(N(CCO)CCC#N)ccc1/N=N/c1cccc(C(F)(F)F)c1,NHFOQMKIOPFERT-OCOZRVBESA-N,418.0,,,photoswitches_csv
Cc1cc(N(CCO)CCC#N)ccc1/N=N/c1ccc(C(F)(F)F)cc1,RUKKMYNOYQXTLL-OCOZRVBESA-N,421.0,,,photoswitches_csv
Cc1cc(N(CCO)CCC#N)ccc1/N=N/c1ccccc1C#N,MSBVPFZFZYIJMO-GHVJWSGMSA-N,438.0,,,photoswitches_csv
Cc1cc(N(CCO)CCC#N)ccc1/N=N/c1ccc(C#N)cc1,HYRZJQBJQVBHIN-GHVJWSGMSA-N,437.0,,,photoswitches_csv
COc1ccccc1/N=N/c1ccc(N(CCO)CCC#N)cc1C,BJOIVUVTMXFMAR-QURGRASLSA-N,409.0,,,photoswitches_csv
COc1cccc(/N=N/c2ccc(N(CCO)CCC#N)cc2C)c1,GKCXKAWLZVBDKP-QURGRASLSA-N,407.0,,,photoswitches_csv
Cc1ccccc1/N=N/c1ccc(N(CCO)CCC#N)cc1C,QJSZQHCCYSOSRG-QURGRASLSA-N,405.0,,,photoswitches_csv
Cc1cccc(/N=N/c2ccc(N(CCO)CCC#N)cc2C)c1,ZVGILKDSEKGHHR-QURGRASLSA-N,402.0,,,photoswitches_csv
Cc1ccc(/N=N/c2ccc(N(CCO)CCC#N)cc2C)cc1,CDJCZRPYGDYXSC-QURGRASLSA-N,402.0,,,photoswitches_csv
Cc1cc(N(CCO)CCC#N)ccc1/N=N/c1cccc(C(C)O)c1,OBQGDGPUJVBSIC-GHVJWSGMSA-N,405.0,,,photoswitches_csv
Cc1cc(N(CCO)CCC#N)ccc1/N=N/c1ccc(S(C)(=O)=O)cc1,ATNZPLWKEJMGAQ-QURGRASLSA-N,434.0,,,photoswitches_csv
CC(=O)c1ccc(/N=N/c2ccc(N(CCO)CCC#N)cc2C)cc1,NGVQFOJFVITKDY-GHVJWSGMSA-N,412.0,,,photoswitches_csv
N#CCCNc1ccc(/N=N/c2ccccc2)cc1,YNKHLNMMQNMWCP-VHEBQXMUSA-N,396.0,,,photoswitches_csv
N#CCCNc1ccc(/N=N/c2ccccc2[N+](=O)[O-])cc1,CMPBUPIQYMXAQL-VHEBQXMUSA-N,422.0,,,photoswitches_csv
N#CCCNc1ccc(/N=N/c2cccc([N+](=O)[O-])c2)cc1,WOZPNHPOXCOSEU-VHEBQXMUSA-N,418.0,,,photoswitches_csv
N#CCCNc1ccc(/N=N/c2ccccc2Cl)cc1,SSLCGVZJYOJRHX-FMQUCBEESA-N,408.0,,,photoswitches_csv
N#CCCNc1ccc(/N=N/c2cccc(Cl)c2)cc1,ZBUHJYXMDJZZGB-FMQUCBEESA-N,408.0,,,photoswitches_csv
N#CCCNc1ccc(/N=N/c2ccc(Cl)cc2)cc1,IGAPODPTMCMTIJ-FMQUCBEESA-N,404.0,,,photoswitches_csv
N#CCCNc1ccc(/N=N/c2ccccc2F)cc1,GHAMZCMTMLKBFT-FMQUCBEESA-N,404.0,,,photoswitches_csv
N#CCCNc1ccc(/N=N/c2cccc(F)c2)cc1,BQVPDTLLUOLIBD-FMQUCBEESA-N,406.0,,,photoswitches_csv
N#CCCNc1ccc(/N=N/c2ccc(F)cc2)cc1,CBRQSMVJWRSUTJ-FMQUCBEESA-N,398.0,,,photoswitches_csv
N#CCCNc1ccc(/N=N/c2ccc(C(F)(F)F)cc2)cc1,QSHDEVXECIDKRI-GHVJWSGMSA-N,411.0,,,photoswitches_csv
N#CCCNc1ccc(/N=N/c2ccccc2C#N)cc1,MDJZSVRIBMFZKF-QZQOTICOSA-N,429.0,,,photoswitches_csv
N#CCCNc1ccc(/N=N/c2ccc(C#N)cc2)cc1,ZWEYHSRLVHLSOD-QZQOTICOSA-N,428.0,,,photoswitches_csv
COc1ccccc1/N=N/c1ccc(NCCC#N)cc1,AXZSQGFVPUVWNM-FMQUCBEESA-N,394.0,,,photoswitches_csv
COc1cccc(/N=N/c2ccc(NCCC#N)cc2)c1,TVMZYTVXMWZZKR-FMQUCBEESA-N,394.0,,,photoswitches_csv
COc1ccc(/N=N/c2ccc(NCCC#N)cc2)cc1,XVCJNMPQAARLFK-FMQUCBEESA-N,395.0,,,photoswitches_csv
Cc1ccccc1/N=N/c1ccc(NCCC#N)cc1,XYSIBASCHUAUEN-FMQUCBEESA-N,400.0,,,photoswitches_csv
Cc1cccc(/N=N/c2ccc(NCCC#N)cc2)c1,QZYUMMUZTQSWEJ-FMQUCBEESA-N,400.0,,,photoswitches_csv
Cc1ccc(/N=N/c2ccc(NCCC#N)cc2)cc1,VEWKUUVGJPBQSR-FMQUCBEESA-N,395.0,,,photoswitches_csv
N#CCCNc1ccc(/N=N/c2ccccc2CCO)cc1,YBFZCTVDARVWKV-QZQOTICOSA-N,399.0,,,photoswitches_csv
CC(O)c1cccc(/N=N/c2ccc(NCCC#N)cc2)c1,QSWPIMUPACEFDE-QZQOTICOSA-N,396.0,,,photoswitches_csv
N#CCCNc1ccc(/N=N/c2ccc(CCO)cc2)cc1,ZCJUABIYNLWKKB-QZQOTICOSA-N,396.0,,,photoswitches_csv
CC(=O)Nc1ccc(/N=N/c2ccc(NCCC#N)cc2)cc1,XRMZAKQLTUUINK-QURGRASLSA-N,403.0,,,photoswitches_csv
CCNc1ccc(/N=N/c2ccccc2)cc1,OCWXDBMTBDGKKE-WUKNDPDISA-N,400.0,,,photoswitches_csv
OCCNc1ccc(/N=N/c2ccccc2)cc1,ZWLSVAWZPDSXPJ-WUKNDPDISA-N,398.0,,,photoswitches_csv
Cc1cc(NCCC#N)ccc1/N=N/c1ccccc1,UVYLENNKEMMPMR-FMQUCBEESA-N,396.0,,,photoswitches_csv
OCCN(CCO)c1ccc(/N=N/c2ccccc2)cc1,YNXWXVHBJGJPPY-ISLYRVAYSA-N,407.0,,,photoswitches_csv
N#CCCN(CCO)c1ccc(/N=N/c2ccccc2)cc1,SEFNPODTENCKJX-FMQUCBEESA-N,397.0,,,photoswitches_csv
CN(CCC#N)c1ccc(/N=N/c2ccccc2)cc1,WKRPJRMGCMKTHF-VHEBQXMUSA-N,396.0,,,photoswitches_csv
CCN(CCC#N)c1ccc(/N=N/c2ccccc2)cc1,ZJYMPFYWPPFOFI-FMQUCBEESA-N,399.0,,,photoswitches_csv
CCN(CCC#N)c1ccc(/N=N/c2ccccc2)c(C)c1,UMWXYMCVESSVQY-QZQOTICOSA-N,404.0,,,photoswitches_csv
N#CCCN(CCC#N)c1ccc(/N=N/c2ccccc2)cc1,RPUBRALRSRGYHS-QURGRASLSA-N,382.0,,,photoswitches_csv
Cc1cc(N(CCC#N)CCC#N)ccc1/N=N/c1ccccc1,MXNLJVBYCAJVKU-GHVJWSGMSA-N,392.0,,,photoswitches_csv
CNc1ccc(/N=N/c2ccc([N+](=O)[O-])cc2)cc1,LBDBENXNLQAQKL-FOCLMDBBSA-N,464.0,,,photoswitches_csv
CCNc1ccc(/N=N/c2ccc([N+](=O)[O-])cc2)cc1,XJZYJVIOTQBZNG-WUKNDPDISA-N,468.0,,,photoswitches_csv
Cc1cc(NCCC#N)ccc1/N=N/c1ccc([N+](=O)[O-])cc1,GIKFKUDPWMIREB-FMQUCBEESA-N,451.0,,,photoswitches_csv
O=[N+]([O-])c1ccc(/N=N/c2ccc(N(CCO)CCO)cc2)cc1,GHDZRIQTRDZCMV-ISLYRVAYSA-N,475.0,,,photoswitches_csv
N#CCCN(CCO)c1ccc(/N=N/c2ccc([N+](=O)[O-])cc2)cc1,OGHAROMWUKGSDP-FMQUCBEESA-N,451.0,,,photoswitches_csv
CN(CCC#N)c1ccc(/N=N/c2ccc([N+](=O)[O-])cc2)cc1,GYBDRUAPPXYFAN-VHEBQXMUSA-N,448.0,,,photoswitches_csv
CCN(CCC#N)c1ccc(/N=N/c2ccc([N+](=O)[O-])cc2)cc1,ZSPPPAFDNHYXNW-FMQUCBEESA-N,452.0,,,photoswitches_csv
CCN(CCC#N)c1ccc(/N=N/c2ccc([N+](=O)[O-])cc2)c(C)c1,GEXDFMFTBZZOAT-QZQOTICOSA-N,463.0,,,photoswitches_csv
N#CCCN(CCC#N)c1ccc(/N=N/c2ccc([N+](=O)[O-])cc2)cc1,GBDZJIRSFAYQLT-QURGRASLSA-N,432.0,,,photoswitches_csv
Cc1cc(N(CCC#N)CCC#N)ccc1/N=N/c1ccc([N+](=O)[O-])cc1,BIZPYDZJGRXSQV-GHVJWSGMSA-N,441.0,,,photoswitches_csv
COc1ccc(/N=N/c2ccccc2)s1,OQNVGGNFXMOWRK-OUKQBFOZSA-N,394.0,,,photoswitches_csv
COc1ccc(/N=N/c2ccc(C#N)cc2)s1,ZDGDAMJOQYPWBN-CCEZHUSRSA-N,413.0,,,photoswitches_csv
Cc1ccc(/N=N/c2ccc(C#N)cc2)s1,PEROVJZSHLRNHV-CCEZHUSRSA-N,387.0,,,photoswitches_csv
Cc1ccc(/N=N/c2ccc(C(F)(F)F)cc2)s1,GCBKMRBULBHDAY-WUKNDPDISA-N,378.0,,,photoswitches_csv
N#Cc1ccc(/N=N/c2ccccc2)s1,GVRSYOBJMBWILE-BUHFOSPRSA-N,367.0,,,photoswitches_csv
COc1ccc(/N=N/c2cccs2)cc1,RXOGKDVOFBJAAG-OUKQBFOZSA-N,373.0,,,photoswitches_csv
N#Cc1ccc(/N=N/c2cccs2)cc1,CMLBRSMOBNIYHO-BUHFOSPRSA-N,370.0,,,photoswitches_csv
FC(F)(F)c1ccc(/N=N/c2cccs2)cc1,SZBNNEPURCYWIS-FOCLMDBBSA-N,362.0,,,photoswitches_csv
COc1cccc(/N=N/c2cccs2)c1,BFDWFYQJGPUFFK-OUKQBFOZSA-N,364.0,,,photoswitches_csv
N#Cc1cccc(/N=N/c2cccs2)c1,JNOAFOOWRXYWPA-BUHFOSPRSA-N,362.0,,,photoswitches_csv
Cc1[nH]c2ccccc2c1N=Nc1nncs1,PEDJIFQFJVOVTN-UHFFFAOYSA-N,428.0,,,photoswitches_csv
Cc1c(N=Nc2nncs2)c2ccccc2n1C,CLNWMQUFSBBNHS-UHFFFAOYSA-N,434.0,,,photoswitches_csv
c1ccc(-c2[nH]c3ccccc3c2N=Nc2nncs2)cc1,MEOKISWGWMOXGQ-UHFFFAOYSA-N,437.0,,,photoswitches_csv
Cn1c(-c2ccccc2)c(N=Nc2nncs2)c2ccccc21,CHSXHKQCGXVVOU-UHFFFAOYSA-N,431.0,,,photoswitches_csv
CSc1nnc(N=Nc2c(C)[nH]c3ccccc23)s1,LUGHKGXRYPAEDS-UHFFFAOYSA-N,445.0,,,photoswitches_csv
CSc1nnc(N=Nc2c(C)n(C)c3ccccc23)s1,DSASNQZLJYJSII-UHFFFAOYSA-N,451.0,,,photoswitches_csv
CSc1nnc(N=Nc2c(-c3ccccc3)[nH]c3ccccc23)s1,CCICXOQGAXAMII-UHFFFAOYSA-N,467.0,,,photoswitches_csv
CSc1nnc(N=Nc2c(-c3ccccc3)n(C)c3ccccc23)s1,OVQZCNNXAPXVNL-UHFFFAOYSA-N,459.0,,,photoswitches_csv
CCc1nnc(/N=N/c2c(C)[nH]c3ccccc23)s1,JKKFJKNDZATIFI-FBMGVBCBSA-N,420.0,,,photoswitches_csv
CCc1nnc(N=Nc2c(C)n(C)c3ccccc23)s1,HBTFKAHJHPXBFR-UHFFFAOYSA-N,432.0,,,photoswitches_csv
CCc1nnc(N=Nc2c(-c3ccccc3)[nH]c3ccccc23)s1,PJJJCYVKFYBGHT-UHFFFAOYSA-N,440.0,,,photoswitches_csv
CCc1nnc(N=Nc2c(-c3ccccc3)n(C)c3ccccc23)s1,XMIOWVFILNTHBX-UHFFFAOYSA-N,438.0,,,photoswitches_csv
Cc1[nH]c2ccccc2c1N=Nc1n[nH]c(S)n1,HJNVPZCZPNZTOL-UHFFFAOYSA-N,392.0,,,photoswitches_csv
Cc1c(N=Nc2n[nH]c(S)n2)c2ccccc2n1C,RJYBGHMSRZJHKV-UHFFFAOYSA-N,401.0,,,photoswitches_csv
Sc1nc(N=Nc2c(-c3ccccc3)[nH]c3ccccc23)n[nH]1,HWRJQOHTMZNRPX-UHFFFAOYSA-N,411.0,,,photoswitches_csv
Cn1c(-c2ccccc2)c(N=Nc2n[nH]c(S)n2)c2ccccc21,AADLDEYTCXFUHQ-UHFFFAOYSA-N,408.0,,,photoswitches_csv
O=C(O)c1ccnc(/N=C/c2cc(/N=N/c3ccc([N+](=O)[O-])cc3)ccc2O)c1,LLZSZINOZUCTQC-PEAGZHFBSA-N,378.0,,,photoswitches_csv
CCOC(=O)c1ccnc(/N=C/c2cc(/N=N/c3ccc([N+](=O)[O-])cc3)ccc2O)c1,JPAKTVBWENFOBF-JLUADYMRSA-N,379.0,,,photoswitches_csv
CC(C)c1cc(S(=O)(=O)O)cc(C(C)C)c1/N=C/c1cc(/N=N/c2ccc([N+](=O)[O-])cc2)ccc1O,PITHOEKKVYILLJ-CULPDNDYSA-N,267.0,,,photoswitches_csv
Cn1c(/N=N/c2nc3ccccc3n2C)nc2ccccc21,PHXYAMQGCPVXMC-FMQUCBEESA-N,439.0,,,photoswitches_csv
c1ccc2oc(/N=N/c3nc4ccccc4o3)nc2c1,BMQVAXDSEOMPEK-ISLYRVAYSA-N,430.0,,,photoswitches_csv
c1ccc2sc(/N=N/c3nc4ccccc4s3)nc2c1,OUHJHSJEWQBGLH-ISLYRVAYSA-N,421.0,,,photoswitches_csv
c1ccc(N=Nc2nc3ccccc3s2)cc1,MYCVZRBCKMNRRL-UHFFFAOYSA-N,328.0,,,photoswitches_csv
Clc1ccccc1N=Nc1nc2ccccc2s1,AFZDCWLTVIIPTF-UHFFFAOYSA-N,335.0,,,photoswitches_csv
OCc1cccc(N=Nc2nc3ccccc3s2)c1,MPQXIHGEORANST-UHFFFAOYSA-N,328.0,,,photoswitches_csv
CC(=O)Nc1ccccc1N=Nc1nc2ccccc2s1,NQTDQFOONVOIJN-UHFFFAOYSA-N,331.0,,,photoswitches_csv
CC(=O)Nc1ccc(N=Nc2nc3ccccc3s2)cc1,BOBJUIRCOVVKJE-UHFFFAOYSA-N,371.0,,,photoswitches_csv
COc1ccccc1N=Nc1nc2ccccc2s1,RROQFZVPMLEIAE-UHFFFAOYSA-N,325.0,,,photoswitches_csv
COc1ccc(N=Nc2nc3ccccc3s2)cc1,NRVSZQNOWLXCIM-UHFFFAOYSA-N,361.0,,,photoswitches_csv
CSc1ccccc1N=Nc1nc2ccccc2s1,MLMDWPQEDOPHEY-UHFFFAOYSA-N,328.0,,,photoswitches_csv
CSc1ccc(N=Nc2nc3ccccc3s2)cc1,UJHYIFGXAWKNFE-UHFFFAOYSA-N,392.0,,,photoswitches_csv
O=[N+]([O-])c1ccc2nc(N=Nc3ccccc3)sc2c1,PJCAIYJXFRPZAJ-UHFFFAOYSA-N,340.0,,,photoswitches_csv
O=C(O)c1ccccc1N=Nc1nc2ccc([N+](=O)[O-])cc2s1,KEZTXTRJWRIHFT-UHFFFAOYSA-N,335.0,,,photoswitches_csv
O=[N+]([O-])c1ccc2nc(N=Nc3ccccc3Cl)sc2c1,DXOCCWKWAHOJGH-UHFFFAOYSA-N,343.0,,,photoswitches_csv
O=[N+]([O-])c1ccc2nc(N=Nc3cccc(Cl)c3)sc2c1,WMCKQVKTYJORBJ-UHFFFAOYSA-N,334.0,,,photoswitches_csv
O=[N+]([O-])c1ccc2nc(N=Nc3ccc(Cl)cc3)sc2c1,DKURZMHPKSPIPY-UHFFFAOYSA-N,346.0,,,photoswitches_csv
O=[N+]([O-])c1ccc2nc(N=Nc3ccc(F)cc3)sc2c1,AXILORGDYUZDSO-UHFFFAOYSA-N,342.0,,,photoswitches_csv
O=[N+]([O-])c1ccc2nc(N=Nc3ccc(I)cc3)sc2c1,UEWPKBWGIJLHCR-UHFFFAOYSA-N,368.0,,,photoswitches_csv
O=[N+]([O-])c1ccc(N=Nc2nc3ccc([N+](=O)[O-])cc3s2)cc1,SZUSXHXWPPUQJR-UHFFFAOYSA-N,332.0,,,photoswitches_csv
O=[N+]([O-])c1ccc2nc(N=Nc3cccc(CO)c3)sc2c1,AYCOUCAECSZHNH-UHFFFAOYSA-N,341.0,,,photoswitches_csv
CC(=O)Nc1ccc(N=Nc2nc3ccc([N+](=O)[O-])cc3s2)cc1,AAVIVMQEBOUDDS-UHFFFAOYSA-N,406.0,,,photoswitches_csv
COc1ccccc1N=Nc1nc2ccc([N+](=O)[O-])cc2s1,IBTJGRKHEJSSSF-UHFFFAOYSA-N,337.0,,,photoswitches_csv
COc1ccc(N=Nc2nc3ccc([N+](=O)[O-])cc3s2)cc1,DDFUBSSLRMHCOH-UHFFFAOYSA-N,399.0,,,photoswitches_csv
CSc1ccccc1N=Nc1nc2ccc([N+](=O)[O-])cc2s1,SCVOATXTJVNJDR-UHFFFAOYSA-N,340.0,,,photoswitches_csv
CSc1ccc(N=Nc2nc3ccc([N+](=O)[O-])cc3s2)cc1,SBERHWSGEBXSGG-UHFFFAOYSA-N,421.0,,,photoswitches_csv
Oc1ccc(/N=N/c2ccccc2)c2cccnc12,NZQIIFNACVSQRR-ISLYRVAYSA-N,384.0,,,photoswitches_csv
Cc1ccc(/N=N/c2ccc(O)c3ncccc23)cc1,VZLUNLPYLKJNQR-VHEBQXMUSA-N,390.0,,,photoswitches_csv
Oc1ccc(/N=N/c2ccc(Oc3ccccc3)cc2)c2cccnc12,SZOZGXRJYDKAAE-WCWDXBQESA-N,395.0,,,photoswitches_csv
CC(=O)Nc1ccc(/N=N/c2ccc(O)c3ncccc23)cc1,DKRPSSOODLBKPQ-QZQOTICOSA-N,390.0,,,photoswitches_csv
CCOc1ccc(/N=N/c2ccc(O)c3ncccc23)cc1,NHNCFENOUYGUML-FMQUCBEESA-N,388.0,,,photoswitches_csv
Oc1ccc(/N=N/c2ccc(Cl)cc2)c2cccnc12,VTDPXQYPDDHNLB-VHEBQXMUSA-N,395.0,,,photoswitches_csv
O=C(O)c1ccc(/N=N/c2ccc(O)c3ncccc23)cc1,WHYSDEAUKYVHBQ-VHEBQXMUSA-N,503.0,,,photoswitches_csv
O=C(O)c1ccccc1/N=N/c1ccc(O)c2ncccc12,NMALKOSVANYSLY-VHEBQXMUSA-N,398.0,,,photoswitches_csv
CC(=O)c1ccc(/N=N/c2ccc(O)c3ncccc23)cc1,GFWYFRSTSJFNNT-FMQUCBEESA-N,401.0,,,photoswitches_csv
N#Cc1ccc(/N=N/c2ccc(O)c3ncccc23)cc1,LQECPMUYOPGWKO-FMQUCBEESA-N,413.0,,,photoswitches_csv
O=[N+]([O-])c1ccc(/N=N/c2ccc(O)c3ncccc23)cc1,ALVWYJXOCFNJJJ-ISLYRVAYSA-N,414.0,,,photoswitches_csv
Oc1ccc(/N=N/c2nccs2)c2cccnc12,VDGCPQNIIQXEPO-FOCLMDBBSA-N,428.0,,,photoswitches_csv
Cc1cnc(/N=N/c2ccc(O)c3ncccc23)s1,CWYXBDFBOYTRNW-WUKNDPDISA-N,436.0,,,photoswitches_csv
O=[N+]([O-])c1ccc(S(=O)(=O)c2cnc(/N=N/c3ccc(O)c4ncccc34)s2)cc1,LTMWNJNHHOMTEE-QURGRASLSA-N,491.0,,,photoswitches_csv
CCOC(=O)Cc1csc(/N=N/c2ccc(O)c3ncccc23)n1,CPWOAXKTSKNLGE-FMQUCBEESA-N,438.0,,,photoswitches_csv
Oc1ccc(/N=N/c2nc(-c3ccccc3)cs2)c2cccnc12,URXDRRZCAZYGNI-QURGRASLSA-N,516.0,,,photoswitches_csv
Oc1ccc(/N=N/c2nc(-c3ccc(Cl)cc3)cs2)c2cccnc12,FQYKYXVVLKBGDQ-GHVJWSGMSA-N,456.0,,,photoswitches_csv
Oc1ccc(/N=N/c2nc(-c3ccc(Br)cc3)cs2)c2cccnc12,JZCGMLWFOQYPDO-GHVJWSGMSA-N,462.0,,,photoswitches_csv
Oc1ccc(/N=N/c2nc3ccccc3s2)c2cccnc12,UOFDZBFOEPUHAT-FMQUCBEESA-N,442.0,,,photoswitches_csv
Oc1ccc(/N=N/c2nc3ccc(Cl)cc3s2)c2cccnc12,QXPYDDLWSOVTIC-QZQOTICOSA-N,450.0,,,photoswitches_csv
COc1ccc2nc(/N=N/c3ccc(O)c4ncccc34)sc2c1,JGNLJNRERFATIP-QZQOTICOSA-N,461.0,,,photoswitches_csv
Cc1cc2nc(/N=N/c3ccc(O)c4ncccc34)sc2cc1C,OASRTLNCVORASC-QURGRASLSA-N,456.0,,,photoswitches_csv
Oc1ccc(/N=N/c2nc3ccccc3[nH]2)c2cccnc12,XQOSVQCJVVPCTN-QZQOTICOSA-N,437.0,,,photoswitches_csv
N#CC1C(N)SC(/N=N/c2nc3ccc([N+](=O)[O-])cc3s2)C1C1CCCCC1,FHTQZBKKHJOGNB-GHVJWSGMSA-N,545.0,,,photoswitches_csv
N#Cc1c(N)sc(/N=N/c2nc3ccc([N+](=O)[O-])cc3s2)c1-c1ccc(Cl)cc1,XLZIWASNZJKJJO-WCWDXBQESA-N,535.0,,,photoswitches_csv
COC1CCC(C2C(/N=N/c3nc4ccc([N+](=O)[O-])cc4s3)SC(N)C2C#N)CC1,TYDPYRYBDDWXMQ-WCWDXBQESA-N,550.0,,,photoswitches_csv
CC(=O)Nc1ccc(N=Nc2c(C)noc2C)cc1,KHRONIHWYDYRAS-UHFFFAOYSA-N,342.0,,,lambda_train
Cn1cnc(N=Nc2ccccc2)c1,SVBOJUFXLRLJAC-UHFFFAOYSA-N,336.0,207360.0,5.3167249841905,lambda_train
Cc1noc(C)c1N=Nc1cc(Cl)ccc1Cl,FXBLWOJWNPWLLS-UHFFFAOYSA-N,320.0,,,lambda_train
FC(F)(F)c1ccccc1N=Nc1ccccc1,GFEOPUCZLZUCHA-UHFFFAOYSA-N,317.0,,,lambda_train
N#CCCN(CCC#N)c1ccc(N=Nc2ccc([N+](=O)[O-])cc2)cc1,GBDZJIRSFAYQLT-UHFFFAOYSA-N,432.0,,,lambda_train
Cc1cc(N(CCO)CCC#N)ccc1N=Nc1ccccc1C(F)(F)F,KEBQQAMOPGQMQS-UHFFFAOYSA-N,419.0,,,lambda_train
CCN(CC)c1ccc(N=Nc2c(Br)cc([N+](=O)[O-])cc2[N+](=O)[O-])c(OC)c1,YFZBTAMPWSWRBC-UHFFFAOYSA-N,554.0,,,lambda_train
CCOC(=O)Cc1csc(N=Nc2ccc(O)c3ncccc23)n1,CPWOAXKTSKNLGE-UHFFFAOYSA-N,438.0,,,lambda_train
Cc1noc(C)c1N=Nc1cccc(F)c1,QIZXKEOJZIZUSP-UHFFFAOYSA-N,315.0,,,lambda_train
Cc1cc(C)c(N=Nc2c(C)cc(C)cc2C)c(C)c1,NFOOWWPQFWDOIP-UHFFFAOYSA-N,325.0,,,lambda_train
Nc1cc(N)c(N=Nc2cc([N+](=O)[O-])cc([N+](=O)[O-])c2O)cc1Cl,HCOPKOHYVNROPN-UHFFFAOYSA-N,492.0,,,lambda_train
Cn1c(N)c(N=Nc2ccc(Cl)cc2)c(=O)n(C)c1=O,SBVUPRRBCXGKOU-UHFFFAOYSA-N,370.0,,,lambda_train
COc1ccccc1N=Nc1ccc(N(CCO)CCO)cc1C,HDGGDENTGBAORO-UHFFFAOYSA-N,424.0,,,lambda_train
Cc1ccccc1N=Nc1ccc(NCCC#N)cc1,XYSIBASCHUAUEN-UHFFFAOYSA-N,400.0,,,lambda_train
N#CCCNc1ccc(N=Nc2cccc(F)c2)cc1,BQVPDTLLUOLIBD-UHFFFAOYSA-N,406.0,,,lambda_train
CC(C)(C)c1ccc(O)c(N=Nc2nncs2)c1,ODLJCNGTDOKALO-UHFFFAOYSA-N,429.0,,,lambda_train
Brc1cc(Br)c(N=Nc2c(Br)cc(Br)cc2Br)c(Br)c1,KJKRSCLLAYRBIS-UHFFFAOYSA-N,302.0,,,lambda_train
Cc1ccc(N=Nc2ccc(N(C)C)cc2)cc1,IPIZWPBCCYXHDW-UHFFFAOYSA-N,407.0,,,lambda_train
Oc1ccc(N=Nc2ccccc2)c2cccnc12,NZQIIFNACVSQRR-UHFFFAOYSA-N,384.0,,,lambda_train
Brc1ccccc1N=Nc1nccs1,JHWRYTFCUDRUHK-UHFFFAOYSA-N,371.0,25920.0,4.413634997198556,lambda_train
Nc1cccc(N=Nc2ccccc2)c1,FOTUJFGXQAJEIJ-UHFFFAOYSA-N,417.0,,,lambda_train
c1ccc(N=Nc2cc3c4c(c2)CCN4CCC3)cc1,MUDHVPYNUPQCCW-UHFFFAOYSA-N,425.0,,,lambda_train
CSc1cc(Cl)c(N=Nc2c(Cl)cccc2Cl)c(Cl)c1,FRMUJGZQLJLQLO-UHFFFAOYSA-N,350.0,639360.0,5.805745462209869,lambda_train
COc1ccc(N=Nc2c(O)[nH]c(=O)c(C(N)=O)c2C)cc1,ADBZZQIJKJAZAE-UHFFFAOYSA-N,444.0,,,lambda_train
CCOC(=O)c1ccnc(N=Cc2cc(N=Nc3ccc([N+](=O)[O-])cc3)ccc2O)c1,JPAKTVBWENFOBF-UHFFFAOYSA-N,379.0,,,lambda_train
O=C(O)c1ccnc(N=Cc2cc(N=Nc3ccc([N+](=O)[O-])cc3)ccc2O)c1,LLZSZINOZUCTQC-UHFFFAOYSA-N,378.0,,,lambda_train
c1ccc(N=Nc2nccs2)cc1,LQHUZEZZFLVJAZ-UHFFFAOYSA-N,364.0,10080.0,4.003460532109506,lambda_train
Oc1ccc(N=Nc2ccccc2Cl)cc1,UROTXSKVENIXIY-UHFFFAOYSA-N,360.0,,,lambda_train
O=[N+]([O-])c1ccc(N=Nc2ccc(O)cc2)cc1,NRJPVIOTANUINF-UHFFFAOYSA-N,382.0,,,lambda_train
CCCNCc1sc(N=Nc2nc(C(=O)OCC)cs2)nc1C(=O)OCC,IBXVJCTTXPMKAX-UHFFFAOYSA-N,527.0,,,lambda_train
Cc1cc(NCCC#N)ccc1N=Nc1cccc(Cl)c1,OELNHCGPYHPFAZ-UHFFFAOYSA-N,408.0,,,lambda_train
Cc1cc(Cl)ccc1N=Nc1ccc(Cl)cc1C,OZDRHNMGLLLVRU-UHFFFAOYSA-N,346.0,,,lambda_train
CCN(CC)c1ccc(N=Nc2c(C#N)cc(C#N)cc2C#N)cc1,LMGBYUPVJBFKNZ-UHFFFAOYSA-N,478.0,,,lambda_train
CN(C)c1ccc(N=Nc2cccc([N+](=O)[O-])c2)cc1,BISWHFCOHYEFQW-UHFFFAOYSA-N,420.0,,,lambda_train
Cc1nn(-c2ccc(S(=O)(=O)O)cc2)c(O)c1N=Nc1c(C)nn(-c2ccc(S(=O)(=O)O)cc2)c1O,VEJPJXWOKBZPIX-UHFFFAOYSA-N,430.0,,,lambda_train
CCN(CC)c1ccc(N=Nc2c(C#N)cc([N+](=O)[O-])cc2C#N)cc1OC,WOKBGTMVVOBZFT-UHFFFAOYSA-N,623.0,,,lambda_train
CCN(CC(O)CO)c1ccc(N=Nc2ccc(C(C)=O)cc2)c(C)c1,XCDARTXSZWGYOB-UHFFFAOYSA-N,457.0,,,lambda_train
Cc1cc(N(CCO)CCC#N)ccc1N=Nc1cccc([N+](=O)[O-])c1,PFOAKYIEXOUINP-UHFFFAOYSA-N,424.0,,,lambda_train
CCn1c(O)c(N=Nc2cc(C)cc(S(N)(=O)=O)c2OC)c(C)c(C#N)c1=O,YIRAQXJGLXCKHR-UHFFFAOYSA-N,456.0,,,lambda_train
N#CCCNc1ccc(N=Nc2ccc(C(F)(F)F)cc2)cc1,QSHDEVXECIDKRI-UHFFFAOYSA-N,411.0,,,lambda_train
Cc1c(N=Nc2ccc(C#N)cc2)c(O)[nH]c(=O)c1C(N)=O,GAKKBZFNYLEJFA-UHFFFAOYSA-N,413.0,,,lambda_train
COc1ccncc1N=Nc1ccccc1,RYVDMYSPZLZTKS-UHFFFAOYSA-N,332.0,79039211.66084993,7.89784259993673,lambda_train
CCN(CC)c1ccc(N=Nc2ccc([N+](=O)[O-])cc2)cc1,LVQIWDUSUJTZJF-UHFFFAOYSA-N,489.0,,,lambda_train
Cc1csc(N=Nc2cc(C(C)(C)C)ccc2O)n1,ORSGKTFNBAGQBG-UHFFFAOYSA-N,425.0,,,lambda_train
COc1ccc(N=Nc2ccc(Cl)cc2)c2cccnc12,NONVXMOLPQQTIC-UHFFFAOYSA-N,359.0,,,lambda_train
CN(C)c1ccc(N=Nc2cccc(F)c2)cc1,QPSNWMWKJWYOMD-UHFFFAOYSA-N,418.0,,,lambda_train
Cc1noc(C)c1N=Nc1ccc(Br)cc1,BXRZPJIPYRBAKC-UHFFFAOYSA-N,325.0,,,lambda_train
Cc1cc(N(CCO)CCO)ccc1N=Nc1ccc(Cl)cc1C(F)(F)F,MVPWOJRKNPVXOU-UHFFFAOYSA-N,447.0,,,lambda_train
CCOC(=O)c1c(N2CC2)sc(N=Nc2ccc(C(F)(F)F)cc2)c1-c1ccccc1,BKVFFNVORRJNTI-UHFFFAOYSA-N,464.0,,,lambda_train
COCCCNc1c(N=Nc2ccc(Br)cc2)c(C)c(C#N)c(=O)n1CCCOC(C)C,WASXMZHBRJKWCC-UHFFFAOYSA-N,431.0,,,lambda_train
Cc1n[nH]c(C)c1N=Nc1cccc([N+](=O)[O-])c1,RWFABUVMASIDQT-UHFFFAOYSA-N,332.0,,,lambda_train
O=C1C=CC(=O)N1c1ccc(N=Nc2ccccc2)cc1,DVNPYLMPVFDKGZ-UHFFFAOYSA-N,329.0,,,lambda_train
Cc1noc(C)c1N=Nc1cc(F)cc(F)c1,DNKZYNZZYITUQD-UHFFFAOYSA-N,315.0,,,lambda_train
N#CCCNc1ccc(N=Nc2ccc(CCO)cc2)cc1,ZCJUABIYNLWKKB-UHFFFAOYSA-N,396.0,,,lambda_train
Oc1ccc(N=Nc2ccc(Br)cc2)c(O)c1,JXDXGMHMDHIKCO-UHFFFAOYSA-N,390.0,,,lambda_train
Cc1c(N=Nc2ccc([N+](=O)[O-])cc2)c(O)[nH]c(=O)c1C(N)=O,KIDXWAXWEUUMDV-UHFFFAOYSA-N,423.0,,,lambda_train
Cc1nn(-c2ccc(S(=O)(=O)O)cc2)c(O)c1N=Nc1c(C)nn(-c2cccc(Cl)c2)c1O,FQEOMSPJHMGBNI-UHFFFAOYSA-N,430.0,,,lambda_train
CCn1c(NCCCOC)c(N=Nc2ccc(Br)cc2)c(C)c(C#N)c1=O,JQRJTLJBSGKWAJ-UHFFFAOYSA-N,429.0,,,lambda_train
O=[N+]([O-])c1ccc(N=Nc2sc(N3CC3)cc2-c2ccccc2)c(C(F)(F)F)c1,PITJASZAJKWFTN-UHFFFAOYSA-N,602.0,,,lambda_train
COc1ccc2nc(N=Nc3ccc(O)c4ncccc34)sc2c1,JGNLJNRERFATIP-UHFFFAOYSA-N,461.0,,,lambda_train
Cc1n[nH]c(C)c1N=Nc1ccc(O)cc1,OGZWWIGVMBARPS-UHFFFAOYSA-N,342.0,,,lambda_train
N#CC1C(N)SC(N=Nc2nc3ccc([N+](=O)[O-])cc3s2)C1C1CCCCC1,FHTQZBKKHJOGNB-UHFFFAOYSA-N,545.0,,,lambda_train
Cc1cc(N(CCO)CCO)ccc1N=Nc1ccccc1,IXKVXPGDWDXXQM-UHFFFAOYSA-N,415.0,,,lambda_train
Cn1cccc1N=Nc1c(F)cccc1N1CCCCC1,IYSLPVPIRXYSKE-UHFFFAOYSA-N,365.0,52560.0,4.720655356551724,lambda_train
CCOC(=O)C1=C(C)NC(=O)NC1c1ccc(N=Nc2c(O)[nH]c(=O)c(C(N)=O)c2C)cc1,STXSTPDFMMUFKX-UHFFFAOYSA-N,429.0,,,lambda_train
Cc1n[nH]c(C)c1N=Nc1ccc(Cl)cc1,LSJDQTFONKIVSI-UHFFFAOYSA-N,336.0,115776.0,5.063618540843701,lambda_train
Cc1cc(Cl)c(N=Nc2c(Cl)cccc2Cl)c(Cl)c1,ICICIYRIBXATLC-UHFFFAOYSA-N,302.0,1080000.0,6.033423755486949,lambda_train
Fc1ccc(N=Nc2cc3c4c(c2)CCN4CCC3)cc1,LACBJNJHYAVBRD-UHFFFAOYSA-N,426.0,,,lambda_train
Cc1c(N=Nc2ccc(O)cc2)c(O)[nH]c(=O)c1C(N)=O,WECKEIWOUJEEDX-UHFFFAOYSA-N,451.0,,,lambda_train
CCN(CC)c1ccc(N=Nc2c(Cl)cc([N+](=O)[O-])cc2C#N)cc1OC,LTTSNXDTHQLFRP-UHFFFAOYSA-N,573.0,,,lambda_train
CC(=O)c1ccc(N=Nc2ccc(N(C)C)cc2)cc1,AYKOZZPOOKONTQ-UHFFFAOYSA-N,447.0,,,lambda_train
Cc1c(N=Nc2c(Br)cc([N+](=O)[O-])cc2[N+](=O)[O-])sc(NCCBr)c1C#N,HRZLWPUGAPDEFV-UHFFFAOYSA-N,586.0,,,lambda_train
Cc1nnc(N=Nc2cc(C(C)(C)C)cc(C(C)(C)C)c2O)s1,VXFITBBJAYFERA-UHFFFAOYSA-N,459.0,,,lambda_train
Cc1cc(N(CCO)CCC#N)ccc1N=Nc1cccc(C(C)O)c1,OBQGDGPUJVBSIC-UHFFFAOYSA-N,405.0,,,lambda_train
Cc1cc(N(CCO)CCO)ccc1N=Nc1ccc(C(F)(F)F)cc1,PBBSDGCRLXQGCI-UHFFFAOYSA-N,434.0,,,lambda_train
Cc1cc(N(CCC#N)CCC#N)ccc1N=Nc1ccc([N+](=O)[O-])cc1,BIZPYDZJGRXSQV-UHFFFAOYSA-N,441.0,,,lambda_train
Cc1cc(N(CCO)CCC#N)ccc1N=Nc1ccccc1,PLRMWCIMVMOELQ-UHFFFAOYSA-N,403.0,,,lambda_train
Cc1cc(N(CCO)CCO)ccc1N=Nc1cc(C(F)(F)F)ccc1Cl,NOQAURIQLBLCJC-UHFFFAOYSA-N,450.0,,,lambda_train
COc1cc(O)ccc1N=Nc1ccccc1,RNXHQJYPTWKAGG-UHFFFAOYSA-N,372.0,,,lambda_train
CC(=O)Nc1cc(C)cc(N=Nc2cc([N+](=O)[O-])cc([N+](=O)[O-])c2O)c1O,YRAINWPKPRBSTH-UHFFFAOYSA-N,400.0,,,lambda_train
CCOC(=O)c1c(NCCBr)sc(N=Nc2c(Br)cc([N+](=O)[O-])cc2[N+](=O)[O-])c1-c1ccccc1,MHADCZMDBJAOHO-UHFFFAOYSA-N,545.0,,,lambda_train
CCOC(=O)c1c(N2CC2)sc(N=Nc2ccc([N+](=O)[O-])cc2)c1-c1ccccc1,OQTZYLFAJAAYMV-UHFFFAOYSA-N,502.0,,,lambda_train
CC(=O)c1ccc(N=Nc2ccc(O)c3ncccc23)cc1,GFWYFRSTSJFNNT-UHFFFAOYSA-N,401.0,,,lambda_train
COc1cccc(N=Nc2ccc(N(CCO)CCC#N)cc2C)c1,GKCXKAWLZVBDKP-UHFFFAOYSA-N,407.0,,,lambda_train
Clc1ccc(N=Nc2cc3c4c(c2)CCN4CCC3)cc1,TUNORGBSMJSPBJ-UHFFFAOYSA-N,444.0,,,lambda_train
Cc1noc(C)c1N=Nc1ccccc1Br,KSMFUJYMWCZIJG-UHFFFAOYSA-N,321.0,,,lambda_train
Cc1c(N=Nc2ccc([N+](=O)[O-])cc2C#N)sc(NCCOS(C)(=O)=O)c1C#N,RFLSPALUTDDWLK-UHFFFAOYSA-N,584.0,,,lambda_train
Cc1c(N=Nc2c(Br)cc([N+](=O)[O-])cc2C#N)sc(NCCOS(C)(=O)=O)c1C(N)=O,HAPLIFXEDXYTEN-UHFFFAOYSA-N,480.0,,,lambda_train
CCCCCCCCCCN1C(=O)c2cccc3c(N=Nc4ccc(N(C)C)cc4)ccc(c23)C1=O,BWTZPGISSWJHMN-UHFFFAOYSA-N,510.0,,,lambda_train
Cc1ccccc1N=Nc1ccccc1,CFNRNHFKQPOFMH-UHFFFAOYSA-N,323.0,,,lambda_train
CN(C)c1ccc(N=Nc2c(F)c(F)c(Nc3ccccc3O)c(F)c2F)cc1,AAVPZXXCZIGWSZ-UHFFFAOYSA-N,438.0,,,lambda_train
Cc1cc(N(CCO)CCO)ccc1N=Nc1ccc(F)cc1,YFDHPBRBUPSNTQ-UHFFFAOYSA-N,417.0,,,lambda_train
Cc1ccc(N=Nc2c(O)[nH]c(=O)c(C(N)=O)c2C)cc1,UCMHQCWNNHTHJL-UHFFFAOYSA-N,429.0,,,lambda_train
CCN(CC)c1ccc(N=Nc2ccc(C(F)(F)F)cc2)cc1,QEUNVEMWJBBTFS-UHFFFAOYSA-N,434.0,,,lambda_train
CN(C)c1ccc(N=Nc2ccc(Cl)cc2C(F)(F)F)cc1,HLOWFUVKSUKKQB-UHFFFAOYSA-N,442.0,,,lambda_train
Cc1cc(N(CCO)CCC#N)ccc1N=Nc1cccc(Cl)c1,NZSSYNIFAJYONV-UHFFFAOYSA-N,410.0,,,lambda_train
O=[N+]([O-])c1ccc(N=Nc2ccc([N+](=O)[O-])cc2)cc1,BYLJUTWUGSHKJB-UHFFFAOYSA-N,335.0,,,lambda_train
CCCCCCCCCCN1C(=O)c2cccc3c(N=Nc4c(O)ccc5ccccc45)ccc(c23)C1=O,NFQQCKRPEVVXIE-UHFFFAOYSA-N,515.0,,,lambda_train
Cc1ccccc1N=Nc1ccc(NCCC#N)cc1C,PWNYGRJBFODLKE-UHFFFAOYSA-N,400.0,,,lambda_train
CN(C)c1ccc(N=Nc2ccccc2C(F)(F)F)cc1,WNNLCEQWHGTTLP-UHFFFAOYSA-N,429.0,,,lambda_train
CCn1c(O)c(N=Nc2nncs2)c(C)c(C#N)c1=O,RTTGVACDWPFXOD-UHFFFAOYSA-N,432.0,,,lambda_train
Oc1ccc(N=Nc2ccc(Oc3ccccc3)cc2)c2cccnc12,SZOZGXRJYDKAAE-UHFFFAOYSA-N,395.0,,,lambda_train
Cc1cc(N(CCO)CCO)ccc1N=Nc1ccc(Br)cc1,HAGDYHKHNULKQC-UHFFFAOYSA-N,425.0,,,lambda_train
COc1ccccc1N=Nc1ccc(O)cc1,VUGBXRWVNRCWIQ-UHFFFAOYSA-N,351.0,,,lambda_train
Cc1noc(C)c1N=Nc1cccc(Br)c1,ZRKWAUOCDZTOCR-UHFFFAOYSA-N,315.0,,,lambda_train
CCOC(=O)c1ccc(N=Nc2c(F)cc(C(=O)OCC)cc2F)cc1,ZGSSULSAXFRGCK-UHFFFAOYSA-N,320.0,28793.89718958267,4.459300449643124,lambda_train
CCOC(=O)c1c(N2CC2)sc(N=Nc2c(Br)cc([N+](=O)[O-])cc2C#N)c1-c1ccccc1,XKQNMKGATQXNFE-UHFFFAOYSA-N,588.0,,,lambda_train
CCn1c(O)c(N=Nc2nc(-c3ccc([N+](=O)[O-])cc3)cs2)c(C)c(C#N)c1=O,NNIPGWWCCSEANO-UHFFFAOYSA-N,469.0,,,lambda_train
N#Cc1ccc(N=Nc2ccccc2)cc1,KFGLGJJFHLSWSU-UHFFFAOYSA-N,321.0,,,lambda_train
O=C1COc2ccccc2N=Nc2ccccc2OCC(=O)O[C@H]2[C@H](OCc3ccccc3)[C@@H](OCc3ccccc3)[C@H](Sc3ccccc3)O[C@@H]2CO1,RTGCTODXSWSGIZ-LACLGSHRSA-N,310.0,4405465.574433297,6.643991811890575,lambda_train
Cc1noc(C)c1N=Nc1cccc2ccccc12,WJRMGKZZYSCUHU-UHFFFAOYSA-N,362.0,,,lambda_train
COc1cccc(OC)c1N=Nc1c(C)nn(C)c1C,ZNDHQLSUSGXLHP-UHFFFAOYSA-N,307.0,9598337.950138504,6.982196037042168,lambda_train
Cc1cccc(N=Nc2ccc(NCCC#N)cc2)c1,QZYUMMUZTQSWEJ-UHFFFAOYSA-N,400.0,,,lambda_train
CCN(CC)c1ccc(N=Nc2cccc(C#N)c2C#N)cc1,QZLNFBGPQCSESG-UHFFFAOYSA-N,490.0,,,lambda_train
Cc1cc(O)ccc1N=Nc1ccccc1,AXGXXLOKNNMCHP-UHFFFAOYSA-N,354.0,,,lambda_train
Cc1ccc(N=Nc2ccc(C)cc2)cc1,WNVWWDKUMKBZQV-UHFFFAOYSA-N,326.0,,,lambda_train
Brc1ccccc1N=Nc1ccccc1,MULAQBQFTFXRFO-UHFFFAOYSA-N,326.0,,,lambda_train
CCN(CCC#N)c1ccc(N=Nc2ccc(Cl)cc2)cc1,PJJMVQYKDCKSEK-UHFFFAOYSA-N,409.0,,,lambda_train
CCN(CC)c1ccc(N=Nc2cc(C#N)cc(C#N)c2)cc1,NBJRFOPLYKOOMV-UHFFFAOYSA-N,562.0,,,lambda_train
Cc1noc(C)c1N=Nc1ccc([N+](=O)[O-])cc1,SNRCXNZQKHKBSH-UHFFFAOYSA-N,332.0,,,lambda_train
CN(C)c1ccc(N=Nc2c(F)c(F)c3c(c2F)Oc2ccccc2N3)cc1,ZDTCAYIVJUREMA-UHFFFAOYSA-N,472.0,,,lambda_train
ClCCN(CCCl)c1ccc(N=Nc2ccc(Br)cc2)cc1,BVRGCLGEHVOUJQ-UHFFFAOYSA-N,405.0,,,lambda_train
COc1ccccc1N=Nc1ccc(NCCC#N)cc1C,UCOMJIKPELGSOV-UHFFFAOYSA-N,394.0,,,lambda_train
Clc1ccc(N=Nc2ccccc2)cc1,NJFDMENHTAYHMA-UHFFFAOYSA-N,324.0,,,lambda_train
CCN(CC)c1ccc(N=Nc2ccc([N+](=O)[O-])cc2C#N)c(OC)c1,AHWCWVFNVZKPHX-UHFFFAOYSA-N,555.0,,,lambda_train
CCN(CC)c1ccc(N=Nc2ccc(N3CCOCC3)c(OC)c2)cc1,DXOSJVMCWCJLBN-UHFFFAOYSA-N,422.0,,,lambda_train
N#CCCNc1ccc(N=Nc2ccccc2C#N)cc1,MDJZSVRIBMFZKF-UHFFFAOYSA-N,429.0,,,lambda_train
CCOC(=O)c1cc(F)c(N=Nc2c(F)cc(C(=O)OCC)cc2F)c(F)c1,MTFFFSUIRIUNCP-UHFFFAOYSA-N,314.0,53988.52919042136,4.732301496147205,lambda_train
CC(=O)c1cccc(N=Nc2ccc(N(C)C)cc2)c1,NXWXQKSMPANXPG-UHFFFAOYSA-N,420.0,,,lambda_train
Cc1ccccc1N=Nc1ccc(O)cc1,ASKWNDPFGDMSCK-UHFFFAOYSA-N,350.0,,,lambda_train
COc1ccc(N=Nc2ccc(OC)c(OC)c2)cc1OC,XHNBRGZASXVTTA-UHFFFAOYSA-N,381.0,,,lambda_train
CCN(CC)c1ccc(N=Nc2ccccc2C#N)cc1,ZUQMJRFXPPTOGU-UHFFFAOYSA-N,462.0,,,lambda_train
CCN(CC)c1ccc(N=Nc2ccc([N+](=O)[O-])cc2[N+](=O)[O-])c(OC)c1,PQPBGWOJJRWGJF-UHFFFAOYSA-N,545.0,,,lambda_train
Oc1ccc(N=Nc2nc3ccc(Cl)cc3s2)c2cccnc12,QXPYDDLWSOVTIC-UHFFFAOYSA-N,450.0,,,lambda_train
CCOC(=O)c1c(N2CC2)sc(N=Nc2ccc(C(F)(F)F)cc2[N+](=O)[O-])c1-c1ccccc1,AKHJSZRALHUISB-UHFFFAOYSA-N,495.0,,,lambda_train
COc1cc([N+](=O)[O-])ccc1N=Nc1c(O)nc(O)nc1O,GIQSHNCVLCAPCC-UHFFFAOYSA-N,415.0,,,lambda_train
CCCCNc1sc(N=Nc2nc(C(=O)OCC)c(CNCCC)s2)nc1C(=O)OCC,NNVWSBDQEFMTPE-UHFFFAOYSA-N,580.0,,,lambda_train
CCN(CCC#N)c1ccc(N=Nc2ccccc2Cl)cc1,UHPDACVBILPUBG-UHFFFAOYSA-N,412.0,,,lambda_train
CCN(CC)c1ccc(N=Nc2cccc(C#N)c2)cc1,JWMZWVMYRCQPIE-UHFFFAOYSA-N,446.0,,,lambda_train
Ic1ccncc1N=Nc1ccccc1,RVRRUAOCNNMLCT-UHFFFAOYSA-N,330.0,413911.7346664516,5.616907739105868,lambda_train
Cc1noc(C)c1N=Nc1ccccc1C#N,VYSSROJCFUXYQD-UHFFFAOYSA-N,325.0,,,lambda_train
CCOC(=O)c1ccc(N=Nc2c(F)cccc2F)cc1,LUXXJPPWUQLTRT-UHFFFAOYSA-N,316.0,75583.97619704623,4.87842973482913,lambda_train
Cc1cc(NCCC#N)ccc1N=Nc1ccccc1Cl,FKOAIOCWBHTIFN-UHFFFAOYSA-N,408.0,,,lambda_train
N#CCCNc1ccc(N=Nc2ccc(C#N)cc2)cc1,ZWEYHSRLVHLSOD-UHFFFAOYSA-N,428.0,,,lambda_train
O=[N+]([O-])c1ccc(N=Nc2ccc(N3CC3)cc2)c(Cl)c1,PDOCSVKUOMCRBT-UHFFFAOYSA-N,396.0,,,lambda_train
Cn1cccc1N=Nc1ccccc1,TYYGNSUBSYLTHH-UHFFFAOYSA-N,385.0,10661.53846153846,4.027819877968951,lambda_train
CCn1c(NCCCOC)c(N=Nc2ccccc2C(=O)O)c(C)c(C#N)c1=O,UXOZEBZHRSZWOH-UHFFFAOYSA-N,419.0,,,lambda_train
Cc1noc(C)c1N=Nc1ccccc1F,UBZMSRLJQRMEQR-UHFFFAOYSA-N,321.0,,,lambda_train
OCCN(CCO)c1ccc(N=Nc2ccc(Cl)cc2)cc1,KJVSFZUOIKFRHC-UHFFFAOYSA-N,419.0,,,lambda_train
CN(C)c1ccc(N=Nc2cccc(C(F)(F)F)c2)cc1,VEPXTLDJAORPCZ-UHFFFAOYSA-N,423.0,,,lambda_train
CCn1c(NCCCOC)c(N=Nc2ccccc2)c(C)c(C#N)c1=O,DIRJEBVBHWMUHM-UHFFFAOYSA-N,416.0,,,lambda_train
Cc1cc(N(CCO)CCC#N)ccc1N=Nc1ccc(S(C)(=O)=O)cc1,ATNZPLWKEJMGAQ-UHFFFAOYSA-N,434.0,,,lambda_train
Cc1ccc(-n2nc(C)c(N=Nc3c(C)nn(-c4ccc(S(=O)(=O)O)cc4)c3O)c2O)cc1,OMMVFMVYYUHQKX-UHFFFAOYSA-N,450.0,,,lambda_train
Cc1ccc(N=Nc2ccccc2)cc1,GIJSVMOPNUOZBC-UHFFFAOYSA-N,333.0,,,lambda_train
Cc1c(N=Nc2ccccc2)c(O)[nH]c(=O)c1C(N)=O,YUKDOCPTSKOMDD-UHFFFAOYSA-N,420.0,,,lambda_train
FC(F)(F)c1ccc(N=Nc2ccccc2)cc1,PWESFWBCEFITQH-UHFFFAOYSA-N,315.0,,,lambda_train
COc1ccc(N=Nc2cn(C)nn2)cc1,JKFLHENQFRIGCS-UHFFFAOYSA-N,349.0,1468800.0,6.166962663857167,lambda_train
c1cc(N2CCCC2)ccc1N=Nc1ccc(N2CCCC2)cc1,PKXRKGIDQPFNRW-UHFFFAOYSA-N,431.0,,,lambda_train
Cc1ccc(N=Nc2ccc(N(CCCl)CCCl)cc2)cc1,GTJZVCNBZDIHOZ-UHFFFAOYSA-N,407.0,,,lambda_train
Cc1cc(N(CCO)CCO)ccc1N=Nc1ccc(Cl)cc1,KCQOOJFMVYJDPQ-UHFFFAOYSA-N,424.0,,,lambda_train
CN(C)c1ccc(N=Nc2ccccc2Br)cc1,GRUMPROWLYTPSY-UHFFFAOYSA-N,425.0,,,lambda_train
N#Cc1cc([N+](=O)[O-])cc(Br)c1N=Nc1sc(N2CC2)cc1-c1ccccc1,FDCNALNILFPLMS-UHFFFAOYSA-N,588.0,,,lambda_train
Cc1cccc(N=Nc2cccc(C)c2C)c1C,YWNDOGNUMDQAEX-UHFFFAOYSA-N,332.0,,,lambda_train
Cc1ccc(N=Nc2ccc(N3CC3)cc2)c(Cl)c1,NGWGCALQTXOBJI-UHFFFAOYSA-N,379.0,,,lambda_train
Cc1c(N=Nc2c(Br)cc([N+](=O)[O-])cc2[N+](=O)[O-])sc(NCCOS(C)(=O)=O)c1C#N,RODVRJHAYPYDMN-UHFFFAOYSA-N,586.0,,,lambda_train
CCOC(=O)c1csc(N=Nc2nc(C(=O)OCC)c(NCCCNC(=O)OC(C)(C)C)s2)n1,RZCSLWOXLLDYGW-UHFFFAOYSA-N,528.0,,,lambda_train
Cc1cc(N(C)C)ccc1N=Nc1cc([N+](=O)[O-])ccc1C,PTAQEYYALHTBAI-UHFFFAOYSA-N,425.0,,,lambda_train
OCCNc1ccc(N=Nc2ccccc2)cc1,ZWLSVAWZPDSXPJ-UHFFFAOYSA-N,398.0,,,lambda_train
CCN(CC)c1ccc(N=Nc2ccc([N+](=O)[O-])cc2)cc1OC,RZFDENCBONFJJO-UHFFFAOYSA-N,492.0,,,lambda_train
Cc1cccc(N=Nc2ccc(N(CCCl)CCCl)cc2)c1,MMYARBJYVAQVDT-UHFFFAOYSA-N,395.0,,,lambda_train
O=[N+]([O-])c1ccc(N=Nc2ccc(NCCO)cc2)cc1,LWBSCZRRCBRJPN-UHFFFAOYSA-N,503.0,,,lambda_train
Cc1ccc(N=Nc2ccc(N(CCO)CCC#N)cc2C)cc1,CDJCZRPYGDYXSC-UHFFFAOYSA-N,402.0,,,lambda_train
Cc1cccc(C)c1N=Nc1ccccc1,DZNGDSIUMXXSQX-UHFFFAOYSA-N,316.0,,,lambda_train
CCN(CC)c1cc(NC(C)=O)c(N=Nc2cc(C(=O)OC)c([N+](=O)[O-])cc2C(=O)OC)cc1OC,XJXILXYLNIBFED-UHFFFAOYSA-N,537.0,,,lambda_train
CCN(C)c1ccc(N=Nc2cccc(C(F)(F)F)c2)cc1,ZAWLPOHSTWXISP-UHFFFAOYSA-N,426.0,,,lambda_train
Oc1ccc(N=Nc2cc3c4c(c2)CCN4CCC3)cc1,VISHWNAQCWXBJK-UHFFFAOYSA-N,414.0,,,lambda_train
Cc1c(N=Nc2ccc([N+](=O)[O-])cc2C#N)sc(NCCOS(C)(=O)=O)c1C(N)=O,KETLCPSPWRCVIJ-UHFFFAOYSA-N,460.0,,,lambda_train
CN(C)c1ccc(N=Nc2ccccc2F)cc1,IPZKHNDQVUUVDA-UHFFFAOYSA-N,418.0,,,lambda_train
O=[N+]([O-])c1ccc(N=Nc2ccc(O)cc2O)cc1,NGPGYVQZGRJHFJ-UHFFFAOYSA-N,432.0,,,lambda_train
Cc1c(N=Nc2ccc(Cl)cc2)c(O)[nH]c(=O)c1C(N)=O,YCOBUKHIJRIXKA-UHFFFAOYSA-N,422.0,,,lambda_train
N#CCCN1CCCc2cc(N=Nc3cc(C(F)(F)F)cc(C(F)(F)F)c3)ccc21,UEBBFOPCXWSRGX-UHFFFAOYSA-N,450.0,,,lambda_train
COc1c(N=Nc2c(O)ccc3ccccc23)cc(C)cc1S(N)(=O)=O,LOVVYUGKTBMEKB-UHFFFAOYSA-N,500.0,,,lambda_train
CCOC(=O)C1=C(C)NC(=O)NC1c1ccc(N=Nc2c(O)[nH]c(=O)c(C#N)c2C)cc1,YNBZLIOEFDNRDS-UHFFFAOYSA-N,439.0,,,lambda_train
Cc1cc(N=Nc2cc(C)c([N+](=O)[O-])c(C)c2)cc(C)c1N(C)C,GGOKTEDALSZHNT-UHFFFAOYSA-N,382.0,,,lambda_train
COCCCNc1c(N=Nc2ccccc2[N+](=O)[O-])c(C)c(C#N)c(=O)n1CCCOC(C)C,SORNCJBLJKCIDL-UHFFFAOYSA-N,446.0,,,lambda_train
Cc1c(N=Nc2ccc(Br)cc2)c(O)[nH]c(=O)c1C(N)=O,LSMRTJYPFFTROS-UHFFFAOYSA-N,420.0,,,lambda_train
N#CCCN1CCCc2cc(N=Nc3ccc(Cl)cc3)ccc21,YSPLCDYZGRNCNY-UHFFFAOYSA-N,420.0,,,lambda_train
COc1cc(N=Nc2ccc([N+](=O)[O-])cc2)ccc1N,UXLCBMUEIPAQSZ-UHFFFAOYSA-N,488.0,,,lambda_train
COc1ccc(N=Nc2ccc(NCCC#N)cc2C)cc1,SAEJUMAXIUOHDH-UHFFFAOYSA-N,395.0,,,lambda_train
CCN(CCC#N)c1ccc(N=Nc2ccccc2)cc1,ZJYMPFYWPPFOFI-UHFFFAOYSA-N,399.0,,,lambda_train
Oc1ccc(N=Nc2ccc(Cl)cc2)cc1,MNNLUFVMZSSCJT-UHFFFAOYSA-N,356.0,,,lambda_train
COCCCNc1c(N=Nc2ccc(C(=O)OC)cc2)c(C)c(C#N)c(=O)n1CCCOC(C)C,XWVQGAOFKUFKPH-UHFFFAOYSA-N,440.0,,,lambda_train
N#Cc1c(N)sc(N=Nc2nc3ccc([N+](=O)[O-])cc3s2)c1-c1ccc(Cl)cc1,XLZIWASNZJKJJO-UHFFFAOYSA-N,535.0,,,lambda_train
CCCCCCCCCCN1C(=O)c2cccc3c(N=Nc4ccc(N(CC)CC)cc4)ccc(c23)C1=O,CHGXDAQBVMJHPD-UHFFFAOYSA-N,525.0,,,lambda_train
CCN(CC)c1ccc(N=Nc2ccc([N+](=O)[O-])cc2Cl)c(OC)c1,GJNPZAJZMIRORR-UHFFFAOYSA-N,526.0,,,lambda_train
c1ccc(N=Nc2ccccc2)cc1,DMLAVOWQYNRWNQ-UHFFFAOYSA-N,318.0,,,lambda_train
CCN(CC)c1ccc(N=Nc2nc3ccc(OC)cc3s2)c(O)c1,CQPQDXIEIVVKDD-UHFFFAOYSA-N,518.0,,,lambda_train
Oc1ccc(N=Nc2ccc(Cl)cc2Cl)cc1,HHCNCNHPNJRGOS-UHFFFAOYSA-N,366.0,,,lambda_train
COc1cccc(N=Nc2ccc(O)cc2)c1,KDRHGKMJEGPCJR-UHFFFAOYSA-N,349.0,,,lambda_train
Cc1cc(NCCC#N)ccc1N=Nc1ccccc1,UVYLENNKEMMPMR-UHFFFAOYSA-N,396.0,,,lambda_train
Oc1ccc(N=Nc2ccccc2)c(O)c1,BPTKLSBRRJFNHJ-UHFFFAOYSA-N,380.0,,,lambda_train
N#CCCNc1ccc(N=Nc2ccc([N+](=O)[O-])cc2)cc1,WJKJAMXQXZNCTQ-UHFFFAOYSA-N,455.0,,,lambda_train
Oc1ccc(N=Nc2nccs2)c2cccnc12,VDGCPQNIIQXEPO-UHFFFAOYSA-N,428.0,,,lambda_train
Cc1n[nH]c(C)c1N=Nc1ccccc1F,OISIULUPZHVGLA-UHFFFAOYSA-N,334.0,15230.76923076923,4.182721837954694,lambda_train
COc1ccc(N=Nc2c(C)noc2C)cc1,GQZVEJORSBYZAF-UHFFFAOYSA-N,337.0,,,lambda_train
COCCCNc1c(N=Nc2ccccc2)c(C)c(C#N)c(=O)n1CCCOC(C)C,HSZAXRREJNFIRE-UHFFFAOYSA-N,418.0,,,lambda_train
Fc1c(F)c(F)c(N=Nc2c(F)c(F)c(F)c(F)c2F)c(F)c1F,JLMLUOQMPDZUFW-UHFFFAOYSA-N,310.0,16902.43902439024,4.227949377892071,lambda_train
Cc1ccc(N=Nc2ccc(NCCC#N)cc2)cc1,VEWKUUVGJPBQSR-UHFFFAOYSA-N,395.0,,,lambda_train
COc1cc([N+](=O)[O-])ccc1N=Nc1cc(C(C)(C)C)cc(C(C)(C)C)c1O,VBZDTPURYFHYKP-UHFFFAOYSA-N,450.0,,,lambda_train
Oc1ccc(N=Nc2ccc(Br)cc2Cl)cc1,WQAZZABPEWETEX-UHFFFAOYSA-N,368.0,,,lambda_train
CCNc1ccc(N=Nc2ccc([N+](=O)[O-])cc2)cc1,XJZYJVIOTQBZNG-UHFFFAOYSA-N,468.0,,,lambda_train
Fc1cccc(F)c1N=Nc1c(F)cccc1F,GXJTVZCEUFPUFI-UHFFFAOYSA-N,305.0,331129.625063789,5.519998037369928,lambda_train
Fc1cc(F)c(F)c(N=Nc2c(F)c(F)cc(F)c2F)c1F,HQSLIVCCMCKVMW-UHFFFAOYSA-N,303.0,97179.41310926445,4.987574271922115,lambda_train
Cc1noc(C)c1N=Nc1cccnc1,PQBKCMKVRFUWEW-UHFFFAOYSA-N,316.0,,,lambda_train
Cc1n[nH]c(C)c1N=Nc1ccc([N+](=O)[O-])cc1,OJNVJAJPZYKYGG-UHFFFAOYSA-N,360.0,,,lambda_train
CCN(CC)c1ccc(N=Nc2ccc(C#N)cc2)cc1,UBVTXOYOGDEDBU-UHFFFAOYSA-N,466.0,,,lambda_train
Cc1c(N=Nc2ccc(C(=O)O)cc2)c(O)[nH]c(=O)c1C(N)=O,JVOFYNKOVWLRJY-UHFFFAOYSA-N,422.0,,,lambda_train
c1ccc(N=Nc2ccc3c(c2)CCCN3)cc1,NZSDFNLTXDCRSR-UHFFFAOYSA-N,418.0,,,lambda_train
Cc1ccc(N=Nc2ccc(N(CCO)CCO)cc2)cc1,MJHLEBFJKCVIER-UHFFFAOYSA-N,409.0,,,lambda_train
CC(=O)c1ccc(N=Nc2ccccc2)cc1,UYXKSJRBCLSBNE-UHFFFAOYSA-N,326.0,,,lambda_train
Fc1ccccc1N=Nc1nccs1,PKAXUKPBCNSILM-UHFFFAOYSA-N,369.0,19800.0,4.296665190261531,lambda_train
Cc1ccc(N=Nc2ccc(C)cc2C)c(C)c1,CYYXARGGNXTAAM-UHFFFAOYSA-N,346.0,,,lambda_train
Cc1cccc(N=Nc2ccc(N(C)C)cc2)c1,LVTFSVIRYMXRSR-UHFFFAOYSA-N,407.0,,,lambda_train
CCOC(=O)c1c(N2CC2)sc(N=Nc2ccc(C)cc2Cl)c1-c1ccccc1,BQHVEWHCGBPIGX-UHFFFAOYSA-N,501.0,,,lambda_train
OCCN(CCO)c1ccc(N=Nc2ccc(Br)cc2)cc1,WWESHPSGQOYBGN-UHFFFAOYSA-N,421.0,,,lambda_train
Cc1noc(C)c1N=Nc1ccccc1N1CCCCC1,SKBGZFVDFDGKAT-UHFFFAOYSA-N,316.0,57960.0,4.763128376799137,lambda_train
Cc1ccccc1N=Nc1ccc(N(CCO)CCO)cc1C,MIAJTQUJPKZWEJ-UHFFFAOYSA-N,418.0,,,lambda_train
N#Cc1ccc(N=Nc2cccs2)cc1,CMLBRSMOBNIYHO-UHFFFAOYSA-N,371.0,22860.0,4.359076226059263,lambda_train
Cc1cccc(N=Nc2cccc(C)c2)c1,HPSZIXYLILUGIP-UHFFFAOYSA-N,331.0,,,lambda_train
CCOC(=O)c1c(N2CC2)sc(N=Nc2ccc([N+](=O)[O-])cc2[N+](=O)[O-])c1-c1ccccc1,QSDOAQLOOABTSX-UHFFFAOYSA-N,586.0,,,lambda_train
Cc1cc(N(CCO)CCO)ccc1N=Nc1cc(C(F)(F)F)cc(C(F)(F)F)c1,OHDOZBCTBRYJFO-UHFFFAOYSA-N,434.0,,,lambda_train
CC(=O)c1ccc(N=Nc2ccc(N(CCO)CCC#N)cc2C)cc1,NGVQFOJFVITKDY-UHFFFAOYSA-N,412.0,,,lambda_train
O=[N+]([O-])c1ccc(N=Nc2ccc(Nc3ccccc3)cc2)cc1,YFVXLROHJBSEDW-UHFFFAOYSA-N,483.0,,,lambda_train
Oc1ccc(N=Nc2cccnc2)c2cccnc12,PXNZOSNGXGPWBH-UHFFFAOYSA-N,393.0,,,lambda_train
COc1ccc(N=Nc2ccc(O)c3ncccc23)cc1,LEJMWBSDWKDHTF-UHFFFAOYSA-N,386.0,,,lambda_train
Cc1nn(-c2ccc(S(=O)(=O)O)cc2)c(O)c1N=Nc1c(C(=O)O)nn(-c2ccc(S(=O)(=O)O)cc2)c1O,DQEQLYSIABHNPM-UHFFFAOYSA-N,460.0,,,lambda_train
Cc1n[nH]c(C)c1N=Nc1c(F)cccc1F,OWNNOYPGTCQQLX-UHFFFAOYSA-N,321.0,,,lambda_train
O=[N+]([O-])c1cccc(N=Nc2cccc([N+](=O)[O-])c2)c1,SYXZBJMDUGLCBV-UHFFFAOYSA-N,311.0,,,lambda_train
COCCCNc1nc(NCCCOC)c(N=Nc2ccccc2C(=O)O)c(C)c1C#N,CJGFXUATUSNMND-UHFFFAOYSA-N,431.0,,,lambda_train
COc1ccc(N=Nc2ccc(O)cc2)cc1,WEFGJDSWBHPXOK-UHFFFAOYSA-N,357.0,,,lambda_train
O=[N+]([O-])c1ccc(N=Nc2ccc(O)c3ncccc23)cc1,ALVWYJXOCFNJJJ-UHFFFAOYSA-N,414.0,,,lambda_train
CC(=O)c1ccc(N=Nc2ccc(N(C)C)cc2C)cc1,BPXZCYVZCSLTDQ-UHFFFAOYSA-N,452.0,,,lambda_train
Oc1ccc(N=Nc2nc3ccccc3[nH]2)c2cccnc12,XQOSVQCJVVPCTN-UHFFFAOYSA-N,437.0,,,lambda_train
Cc1noc(C)c1N=Nc1ccccc1,XZVZHUGZPXUOPC-UHFFFAOYSA-N,315.0,,,lambda_train
CN(C)c1ccc(N=Nc2cccc(C#N)c2)cc1,WFBBGRPVQNQWIW-UHFFFAOYSA-N,435.0,,,lambda_train
CN(C)c1ccc(N=Nc2c(F)c(F)c(Sc3ccccc3N)c(F)c2F)cc1,YJGHJKMJKQECFB-UHFFFAOYSA-N,448.0,,,lambda_train
CCN(CC)c1ccc(N=Nc2ccc(C)cc2)cc1,PLMSBTMZGPIOAZ-UHFFFAOYSA-N,416.0,,,lambda_train
Cn1cc(N=Nc2ccccc2)nn1,OENWCHXNTQHWOP-UHFFFAOYSA-N,328.0,,,lambda_train
N#CCCNc1ccc(N=Nc2ccccc2)cc1,YNKHLNMMQNMWCP-UHFFFAOYSA-N,390.0,,,lambda_train
CCOC(=O)c1cc(F)c(N=Nc2c(F)cccc2F)c(F)c1,QKIVZCPJLUOMQU-UHFFFAOYSA-N,310.0,107977.0583808427,5.033331491811186,lambda_train
Cc1ccc(N=Nc2cccs2)cc1,WTAKZSSRYXONRA-UHFFFAOYSA-N,365.0,,,lambda_train
c1cc(N2CCOCC2)ccc1N=Nc1ccc(N2CCOCC2)cc1,SCCSBRLPUMFNPB-UHFFFAOYSA-N,402.0,,,lambda_train
Ic1ccccc1N=Nc1nccs1,WKHTUIWMPXQJRA-UHFFFAOYSA-N,372.0,12960.0,4.112605001534575,lambda_train
CC(C)(C)c1ccc(O)c(N=Nc2nc(-c3ccc([N+](=O)[O-])cc3)cs2)c1,DDIKZHAIQOZKQS-UHFFFAOYSA-N,428.0,,,lambda_train
COc1cccc(N=Nc2c(C)n[nH]c2C)c1,PCZPHZXECZSNAG-UHFFFAOYSA-N,330.0,14004.0,4.146252102092995,lambda_train
Cc1c(N=Nc2ccc([N+](=O)[O-])cc2C(F)(F)F)sc(NCCBr)c1C#N,PIOYLRDAHLIMBM-UHFFFAOYSA-N,598.0,,,lambda_train
OCCNc1c(F)c(F)c(N=Nc2c(F)c(F)c(F)c(F)c2F)c(F)c1F,MRHRIQSSWGCWOH-UHFFFAOYSA-N,392.0,,,lambda_train
CCCCCCCCCCN1C(=O)c2cccc3c(N=Nc4ccc(NC(C)=O)cc4)ccc(c23)C1=O,VSQPLKUVUJZQOO-UHFFFAOYSA-N,430.0,,,lambda_train
Cc1nn(C)c(C)c1N=Nc1c(F)cccc1N1CCCC1,DNAOQSJDQARHBI-UHFFFAOYSA-N,312.0,42840.0,4.631849462159818,lambda_train
O=[N+]([O-])c1cccc(N=Nc2ccccc2)c1,YDVWTPOYERGSCU-UHFFFAOYSA-N,327.0,,,lambda_train
CN(C)c1ccc(N=Nc2ccc(Cl)cc2)cc1,WQWHNMIYCHFRJK-UHFFFAOYSA-N,417.0,,,lambda_train
Cc1noc(C)c1N=Nc1ccc(F)cc1,QCJRPHFIMDRUBQ-UHFFFAOYSA-N,318.0,,,lambda_train
Cc1nn(C)c(C)c1N=Nc1ccccc1N1CCCCC1,HZMDLTKTLCAHKX-UHFFFAOYSA-N,329.0,432000.0,5.635483746814912,lambda_train
Cc1n[nH]c(C)c1N=Nc1ccccc1[N+](=O)[O-],WFQZNXKPJWLXRU-UHFFFAOYSA-N,339.0,,,lambda_train
N#CCCN1CCCc2cc(N=Nc3ccc(Br)cc3)ccc21,OXRLDECFFIIXET-UHFFFAOYSA-N,420.0,,,lambda_train
N#Cc1ccc(N=Nc2nccs2)cc1,ZWLFQSITMJZIMW-UHFFFAOYSA-N,371.0,6120.0,3.786751422145561,lambda_train
N#Cc1cc([N+](=O)[O-])cc(Br)c1N=Nc1sc(NCCBr)cc1-c1ccccc1,PLIVUKZEFSVXHK-UHFFFAOYSA-N,560.0,,,lambda_train
CCN(CC)c1ccc(N=Nc2ccc([N+](=O)[O-])cc2Cl)cc1,CHHPPGYOSWRCKO-UHFFFAOYSA-N,512.0,,,lambda_train
N#CCCN1CCCc2cc(N=Nc3ccccc3)ccc21,VFRICRPQNAKTID-UHFFFAOYSA-N,410.0,,,lambda_train
CN(C)c1ccc(N=Nc2ccc([N+](=O)[O-])cc2)cc1,LSFRFLVWCKLQTO-UHFFFAOYSA-N,473.0,,,lambda_train
CCN(CC)c1ccc(N=Nc2ccc(Br)cc2)cc1,LDBYWLHTEGDQDL-UHFFFAOYSA-N,427.0,,,lambda_train
CC(=O)Nc1ccccc1N=Nc1ccccc1,USPKSFLYOCGZTF-UHFFFAOYSA-N,326.0,,,lambda_train
CCNc1ccc(N=Nc2ccccc2)cc1,OCWXDBMTBDGKKE-UHFFFAOYSA-N,405.0,,,lambda_train
Oc1ccc(N=Nc2nc3ccccc3s2)c2cccnc12,UOFDZBFOEPUHAT-UHFFFAOYSA-N,442.0,,,lambda_train
Cc1nn(C)c(C)c1N=Nc1ccccc1N1CCOCC1,QASPZOPZIZMCQB-UHFFFAOYSA-N,328.0,120960.0,5.082641778157131,lambda_train
COCCCNc1c(N=Nc2ccc(C(=O)O)cc2)c(C)c(C#N)c(=O)n1CCCOC(C)C,YIYKGGGEIPCYBS-UHFFFAOYSA-N,436.0,,,lambda_train
OCCN(CCO)c1ccc(N=Nc2ccc(F)cc2)cc1,ZVDXOOPFBVHETK-UHFFFAOYSA-N,410.0,,,lambda_train
Oc1ccc(N=Nc2nc(-c3ccc(Br)cc3)cs2)c2cccnc12,JZCGMLWFOQYPDO-UHFFFAOYSA-N,462.0,,,lambda_train
FC(F)(F)c1ccc(N=Nc2cc3c4c(c2)CCCN4CCC3)cc1,SLDZNOKONUXVMJ-UHFFFAOYSA-N,471.0,,,lambda_train
CN(C)c1ccc(N=Nc2ccc(C(F)(F)F)cc2)cc1,HUUYCTQBVFYZFN-UHFFFAOYSA-N,427.0,,,lambda_train
Brc1ccc(N=Nc2cc3c4c(c2)CCCN4CCC3)cc1,RYHFCXBVHDEUMP-UHFFFAOYSA-N,464.0,,,lambda_train
CN(C)c1ccc(N=Nc2c(F)c(F)c3c(c2F)Sc2ccccc2S3)cc1,NBUUUMLJCHEMBC-UHFFFAOYSA-N,446.0,,,lambda_train
Cc1c(N=Nc2ccc([N+](=O)[O-])cc2C#N)sc(NCCBr)c1C#N,PNILWSITWIDJHY-UHFFFAOYSA-N,583.0,,,lambda_train
CCN(CC)c1ccc(N=Nc2c(C#N)cc(C#N)cc2C#N)c(C)c1,UOKBRCOVIMBTQQ-UHFFFAOYSA-N,562.0,,,lambda_train
Cc1noc(C)c1N=Nc1cccc(O)c1,XNLYSMYDATZRHP-UHFFFAOYSA-N,313.0,,,lambda_train
N#CCCNc1ccc(N=Nc2ccccc2[N+](=O)[O-])cc1,CMPBUPIQYMXAQL-UHFFFAOYSA-N,422.0,,,lambda_train
c1csc(N=Nc2nccs2)n1,NQENAJZTGIBHAE-UHFFFAOYSA-N,398.0,,,lambda_train
Clc1ccccc1N=Nc1nccs1,ZMIUIFCDHOTCGZ-UHFFFAOYSA-N,371.0,23760.0,4.375846436309156,lambda_train
Cc1cc(N(CCO)CCC#N)ccc1N=Nc1cccc(Br)c1,WQTRVNBAVFVQQM-UHFFFAOYSA-N,414.0,,,lambda_train
Cc1c(N=Nc2ccc([N+](=O)[O-])cc2Cl)sc(NCCOS(C)(=O)=O)c1C#N,PYWSJZPMFXJNGY-UHFFFAOYSA-N,599.0,,,lambda_train
Cc1ccc(N=Nc2ccc(O)cc2)cc1,PLPWYNVDCPPLMM-UHFFFAOYSA-N,353.0,,,lambda_train
CN(C)c1ccc(N=Nc2c(F)c3[nH]c4ccccc4sc3c3sc4ccccc4sc23)cc1,POVWNKZRXIFEDD-UHFFFAOYSA-N,404.0,,,lambda_train
COc1ccc(N=Nc2ccc3c(c2)CCCN3CCC#N)cc1,TWJKVGZZAGGLME-UHFFFAOYSA-N,406.0,,,lambda_train
Brc1ccc(N=Nc2ccc(Br)cc2)cc1,LTPLLZWVPBTAMH-UHFFFAOYSA-N,324.0,,,lambda_train
Cc1n[nH]c(C)c1N=Nc1ccc(Br)cc1,YNOOKMFOMDSECL-UHFFFAOYSA-N,337.0,23184.0,4.365188368127099,lambda_train
Cc1ccccc1N=Nc1ccc(N(CCCl)CCCl)cc1,IWFRXBODWOXHMY-UHFFFAOYSA-N,395.0,,,lambda_train
COc1ccc(N=Nc2ccc(N(C)C)cc2)cc1,OKVZACRWBMIIEM-UHFFFAOYSA-N,407.0,,,lambda_train
Cc1ccc(O)c(N=Nc2ccccc2)c1,NJOXSODFMZIZJD-UHFFFAOYSA-N,330.0,,,lambda_train
COc1ccc(N=Nc2cc3c4c(c2)CCN4CCC3)cc1,VPEURXJCHIDQFR-UHFFFAOYSA-N,417.0,,,lambda_train
Cc1ccc(N=Nc2ccc(NCCC#N)cc2C)cc1,ODYWQJFFCOCDPI-UHFFFAOYSA-N,395.0,,,lambda_train
O=C(O)c1ccc(N=Nc2ccc(O)c3ncccc23)cc1,WHYSDEAUKYVHBQ-UHFFFAOYSA-N,503.0,,,lambda_train
N#CCCN1CCCc2cc(N=Nc3ccccc3C#N)ccc21,YMFPZGAAINEPCV-UHFFFAOYSA-N,448.0,,,lambda_train
Cn1ccnc1N=Nc1ccccc1,FLAQUJIURZWQSH-UHFFFAOYSA-N,363.0,32400.0,4.510545010206612,lambda_train
Cc1ccc(N=Nc2ccc(O)cc2O)cc1,RTJFQCHHZRVZAN-UHFFFAOYSA-N,386.0,,,lambda_train
CCOC(=O)c1c(NCCBr)sc(N=Nc2ccc(C(C)=O)cc2)c1-c1ccccc1,RTHTVGOJQMBCPA-UHFFFAOYSA-N,479.0,,,lambda_train
COc1cc(NC(C)=O)cc(OC)c1N=Nc1c(OC)cc(NC(C)=O)cc1OC,BHCFCTKJADSKDY-UHFFFAOYSA-N,338.0,1209600.0,6.082641778157131,lambda_train
Cc1cc2nc(N=Nc3ccc(O)c4ncccc34)sc2cc1C,OASRTLNCVORASC-UHFFFAOYSA-N,456.0,,,lambda_train
N#CCCNc1ccc(N=Nc2cccc([N+](=O)[O-])c2)cc1,WOZPNHPOXCOSEU-UHFFFAOYSA-N,418.0,,,lambda_train
Fc1ccc(N=Nc2ccccc2)cc1,GZMHQJVQKFZDLR-UHFFFAOYSA-N,322.0,,,lambda_train
Cc1noc(C)c1N=Nc1ccccc1Cl,OHPURHSNLBQQGZ-UHFFFAOYSA-N,321.0,,,lambda_train
COc1ccc(N=Nc2c(F)cc(OC)cc2N2CCCC2)cc1,WUGIHRZINUGUFO-UHFFFAOYSA-N,335.0,259200.0,5.413634997198556,lambda_train
COc1ccccc1N=Nc1ccc(NCCC#N)cc1,AXZSQGFVPUVWNM-UHFFFAOYSA-N,394.0,,,lambda_train
O=C(O)c1ccccc1N=Nc1ccc(O)c2ncccc12,NMALKOSVANYSLY-UHFFFAOYSA-N,398.0,,,lambda_train
N#Cc1cccc(N=Nc2cccs2)c1,JNOAFOOWRXYWPA-UHFFFAOYSA-N,364.0,63720.0,4.804275767129094,lambda_train
c1ccc(N=Nc2cccnc2)cc1,IVVGFUBQYUHOKG-UHFFFAOYSA-N,322.0,820625.2856794373,5.914144894621955,lambda_train
CCOC(=O)c1c(NCCBr)sc(N=Nc2ccccc2)c1-c1ccccc1,YQQHJDAOGKKSRF-UHFFFAOYSA-N,446.0,,,lambda_train
Cc1noc(C)c1N=Nc1ccc(O)cc1,LJXSJUQGBOGPEB-UHFFFAOYSA-N,340.0,,,lambda_train
COc1cc(N=Nc2ccc(N3CCCC3)c(OC)c2)ccc1N1CCCC1,BOVOWEAUJSHWLR-UHFFFAOYSA-N,452.0,,,lambda_train
COc1ccc(N=Nc2ccc(OC)c3ncccc23)cc1,RSCZGXAPGNUUOX-UHFFFAOYSA-N,367.0,,,lambda_train
CCn1c(NCCCOC)c(N=Nc2ccccc2C(=O)OC)c(C)c(C#N)c1=O,JJYFQTVAZQYJCQ-UHFFFAOYSA-N,425.0,,,lambda_train
CN(C)c1ccc(N=Nc2cccc(Cl)c2)cc1,ZWJXJMMRLCEJAL-UHFFFAOYSA-N,420.0,,,lambda_train
CCOC(=O)c1c(N2CC2)sc(N=Nc2ccc([N+](=O)[O-])cc2Cl)c1-c1ccccc1,RWBKWQPDKBFFNG-UHFFFAOYSA-N,526.0,,,lambda_train
CCN(CC)c1ccc(N=Nc2ccc(N3CCCCC3)cc2)cc1,YFZDNQPNMDVGFO-UHFFFAOYSA-N,420.0,,,lambda_train
CC(=O)Nc1ccc(N=Nc2ccc(NCCC#N)cc2)cc1,XRMZAKQLTUUINK-UHFFFAOYSA-N,403.0,,,lambda_train
CCN(CC)c1ccc(N=Nc2cc(C#N)ccc2C#N)cc1,QIMBHWMIZJBDOP-UHFFFAOYSA-N,495.0,,,lambda_train
Oc1ccc(N=Nc2nc3c(ccc4ccccc43)s2)c2cccnc12,NDXSFKWLCRAAES-UHFFFAOYSA-N,564.0,,,lambda_train
CCCCCCCCCCN1C(=O)c2cccc3c(N=Nc4cc([N+](=O)[O-])ccc4N)ccc(c23)C1=O,JKTMDGNETVCVPP-UHFFFAOYSA-N,420.0,,,lambda_train
CCN(CC)c1ccc(N=Nc2ccc(OC)cc2)cc1,OGQVMTNUMLTVES-UHFFFAOYSA-N,414.0,,,lambda_train
Cc1nn(C)c(C)c1N=Nc1c(F)cccc1F,XJLPMJRJBZCHIQ-UHFFFAOYSA-N,328.0,8839285.714285713,6.946417171927369,lambda_train
Oc1ccc(N=Nc2nc3c(Cl)cc(Cl)cc3s2)c2cccnc12,ZBOMVTAOTJUIAA-UHFFFAOYSA-N,546.0,,,lambda_train
Cc1ccc(N=Nc2c(C)noc2C)cc1,YXPIBSZLTCUYQF-UHFFFAOYSA-N,323.0,,,lambda_train
Cc1cc(N(CCO)CCC#N)ccc1N=Nc1ccc(Cl)cc1,YBPGDTWCEIWNJC-UHFFFAOYSA-N,413.0,,,lambda_train
CC(=O)C(N=Nc1ccc(S(N)(=O)=O)cc1)C(=O)c1ccccc1,ZYSUEAOSODEJQP-UHFFFAOYSA-N,360.0,,,lambda_train
CCN(C)c1ccc(N=Nc2ccccc2)cc1,CQRMBHOJIAXBTN-UHFFFAOYSA-N,411.0,,,lambda_train
Cc1n[nH]c(C)c1N=Nc1cc(Cl)ccc1Cl,MFTCDLHOSXUWJT-UHFFFAOYSA-N,346.0,,,lambda_train
Oc1ccc(N=Nc2cc3c4c(c2)CCCN4CCC3)cc1,IVAZUUWTGQQCIO-UHFFFAOYSA-N,449.0,,,lambda_train
Nc1ccc(N=Nc2ccccc2)cc1,QPQKUYVSJWQSDY-UHFFFAOYSA-N,389.0,,,lambda_train
Cc1n[nH]c(C)c1N=Nc1cc(F)ccc1F,ZNQZLQAVDDQFOY-UHFFFAOYSA-N,343.0,,,lambda_train
CCN(CCC#N)c1ccc(N=Nc2ccccc2)c(C)c1,UMWXYMCVESSVQY-UHFFFAOYSA-N,404.0,,,lambda_train
N#CCCN(CCO)c1ccc(N=Nc2ccc([N+](=O)[O-])cc2)cc1,OGHAROMWUKGSDP-UHFFFAOYSA-N,451.0,,,lambda_train
COc1ccc(N=Nc2ccc(OC)cc2F)c(F)c1,YOURJNHFWODSEV-UHFFFAOYSA-N,359.0,216720.0,5.335898992025112,lambda_train
Cc1ccc(N=Nc2ccc3c(c2)CCCN3CCC#N)cc1,NXFKSAGUDDWPNN-UHFFFAOYSA-N,410.0,,,lambda_train
CCN(CC)c1ccc(N=Nc2nc(C)cs2)c(O)c1,VRJIASZBBQIGTQ-UHFFFAOYSA-N,504.0,,,lambda_train
CCCCCCCCCCN1C(=O)c2cccc3c(N=Nc4c(N)ccc5ccccc45)ccc(c23)C1=O,RYFBTHJYQGBOOY-UHFFFAOYSA-N,546.0,,,lambda_train
COc1ccccc1N=Nc1ccc(N(C)C)cc1,CZEMWOVPKVMGOV-UHFFFAOYSA-N,413.0,,,lambda_train
ClCCN(CCCl)c1ccc(N=Nc2ccccc2)cc1,XZWPPGBKMFWNGY-UHFFFAOYSA-N,397.0,,,lambda_train
CN(C)c1ccc(N=Nc2ccccc2[N+](=O)[O-])cc1,AZQHHHBFJVTYJU-UHFFFAOYSA-N,440.0,,,lambda_train
CS(=O)(=O)OCCNc1sc(N=Nc2ccc([N+](=O)[O-])cc2C(F)(F)F)cc1C#N,KFKMRSQPJKMVPV-UHFFFAOYSA-N,604.0,,,lambda_train
c1ccc(N=Nc2cc3c4c(c2)CCCN4CCC3)cc1,KZAWTOFFQXRLGE-UHFFFAOYSA-N,442.0,,,lambda_train
CCOC(=O)c1c(NCCBr)sc(N=Nc2ccc(C(F)(F)F)cc2)c1-c1ccccc1,FCBMEOYRHNKTEZ-UHFFFAOYSA-N,462.0,,,lambda_train
Cc1csc(N=Nc2c(O)ccc3ccccc23)n1,FHTFCSRPEFUOKX-UHFFFAOYSA-N,491.0,,,lambda_train
CCOC(=O)c1c(NCCBr)sc(N=Nc2ccc(S(C)(=O)=O)cc2Cl)c1-c1ccccc1,PVKGCESNTGFLTO-UHFFFAOYSA-N,495.0,,,lambda_train
Cc1cc(C)n(C)c1N=Nc1ccccc1,TUIPAOCJHNBSIW-UHFFFAOYSA-N,394.0,76320.0,4.882638361696038,lambda_train
CCn1c(NCCCOC)c(N=Nc2ccccc2[N+](=O)[O-])c(C)c(C#N)c1=O,MWBVCQYJUGUZNF-UHFFFAOYSA-N,445.0,,,lambda_train
COc1ccc(N=Nc2c(F)cc(OC)cc2F)cc1,FRQFIKROHPFMNA-UHFFFAOYSA-N,350.0,1548000.0,6.189770956346874,lambda_train
Cc1cc(Cl)ccc1N=Nc1ccc(N(C)C)cc1C,KVXCQJRZATXXOI-UHFFFAOYSA-N,411.0,,,lambda_train
COc1ccc(N=Nc2ccc(OC)cc2N2CCCCC2)cc1,BEAHZOKJZFMYID-UHFFFAOYSA-N,341.0,32760.0,4.515343893088381,lambda_train
CCN(CCC#N)c1ccc(N=Nc2ccc([N+](=O)[O-])cc2)cc1,ZSPPPAFDNHYXNW-UHFFFAOYSA-N,452.0,,,lambda_train
CCOc1ccc(N=Nc2ccc(NCCO)cc2)cc1,FADQLPGFLLXLNW-UHFFFAOYSA-N,398.0,,,lambda_train
Oc1ccc(N=Nc2cccc(Cl)c2)cc1,OCBCARWPRGBCGF-UHFFFAOYSA-N,357.0,,,lambda_train
CN(C)c1ccc(N=Nc2ccc(N)cc2)cc1,BVRIUXYMUSKBHG-UHFFFAOYSA-N,410.0,,,lambda_train
Nc1ccc(N=Nc2ccccc2)c(N)c1,IWRVPXDHSLTIOC-UHFFFAOYSA-N,411.0,,,lambda_train
CCOC(=O)c1cc(F)c(N=Nc2ccccc2)c(F)c1,GBROTAFOQOAPTF-UHFFFAOYSA-N,316.0,25194.64957259985,4.401308322217703,lambda_train
Cc1cc(N(CCO)CCO)ccc1N=Nc1ccccc1C(F)(F)F,MXVGNPGFTQMFIS-UHFFFAOYSA-N,454.0,,,lambda_train
CCOC(=O)c1c(NCCBr)sc(N=Nc2ccc(C(F)(F)F)cc2[N+](=O)[O-])c1-c1ccccc1,KKXSJGUBGKPIAO-UHFFFAOYSA-N,492.0,,,lambda_train
FC(F)(F)c1ccc(N=Nc2cccs2)cc1,SZBNNEPURCYWIS-UHFFFAOYSA-N,357.0,51480.0,4.711638538232349,lambda_train
OCCN(CCO)c1ccc(N=Nc2ccc(I)cc2)cc1,OLYRXEYUOROSSJ-UHFFFAOYSA-N,424.0,,,lambda_train
Cc1cc(N(CCO)CCC#N)ccc1N=Nc1ccccc1C#N,MSBVPFZFZYIJMO-UHFFFAOYSA-N,438.0,,,lambda_train
CN(C)c1ccccc1N=Nc1nccs1,ZLJYTXSHKQUXNH-UHFFFAOYSA-N,525.0,,,lambda_train
CC(=O)Nc1ccc(N=Nc2ccc(N(C)C)cc2)cc1,ZUZJJOZXFBPXOA-UHFFFAOYSA-N,431.0,,,lambda_train
CS(=O)(=O)OCCNc1sc(N=Nc2c(Br)cc([N+](=O)[O-])cc2[N+](=O)[O-])cc1C#N,ZRDPRQYJHACUEN-UHFFFAOYSA-N,591.0,,,lambda_train
COc1ccc(N=Nc2ccc(N(CCO)CCO)cc2C)cc1,FHEJSXYOPKYWGY-UHFFFAOYSA-N,414.0,,,lambda_train
COc1ccc(N=Nc2ccc(O)cc2O)cc1,BVLWTRDRAGUMAI-UHFFFAOYSA-N,388.0,,,lambda_train
O=[N+]([O-])c1cc(Br)c(N=Nc2sc(N3CC3)cc2-c2ccccc2)c([N+](=O)[O-])c1,UQKULRFJQZALJR-UHFFFAOYSA-N,585.0,,,lambda_train
Cc1cc(NCCC#N)ccc1N=Nc1ccc(F)cc1,KPSMZVLOSVRUTN-UHFFFAOYSA-N,398.0,,,lambda_train
Nc1ccc(N=Nc2ccc([N+](=O)[O-])cc2)cc1,UNBOSJFEZZJZLR-UHFFFAOYSA-N,441.0,,,lambda_train
Cc1noc(C)c1N=Nc1c(F)cccc1F,JXILHNKXPDFPCS-UHFFFAOYSA-N,309.0,,,lambda_train
CCN(CC)c1ccc(N=Nc2ccc([N+](=O)[O-])cc2Cl)cc1OC,ZDDHSPOHYDCBTH-UHFFFAOYSA-N,518.0,,,lambda_train
Cc1ccc(N=Nc2ccc(N(CCO)CCO)cc2C)cc1,BCXKMLVEFNAVIL-UHFFFAOYSA-N,416.0,,,lambda_train
Cc1cc(N(CCO)CCC#N)ccc1N=Nc1ccccc1Cl,ADJBOLPBTZEBTB-UHFFFAOYSA-N,412.0,,,lambda_train
O=C(O)c1cc(N=Nc2ccc([N+](=O)[O-])cc2)ccc1O,YVJPMMYYRNHJAU-UHFFFAOYSA-N,385.0,,,lambda_train
Fc1ccc(N=Nc2ccc(F)cc2)cc1,LPEOJAQIOYPHTK-UHFFFAOYSA-N,325.0,,,lambda_train
N#CCCN(CCO)c1ccc(N=Nc2ccccc2)cc1,SEFNPODTENCKJX-UHFFFAOYSA-N,397.0,,,lambda_train
OCCN(CCO)c1ccc(N=Nc2ccccc2)cc1,YNXWXVHBJGJPPY-UHFFFAOYSA-N,407.0,,,lambda_train
O=[N+]([O-])c1ccc(S(=O)(=O)c2cnc(N=Nc3ccc(O)c4ncccc34)s2)cc1,LTMWNJNHHOMTEE-UHFFFAOYSA-N,491.0,,,lambda_train
Cc1nn(C)c(C)c1N=Nc1c(Cl)cccc1Cl,NXKXTUQGAHYHQU-UHFFFAOYSA-N,328.0,99712.23021582732,4.998748430021693,lambda_train
Cc1nnc(N=Nc2cc(C(C)(C)C)ccc2O)s1,RATYGHJIBUOLLJ-UHFFFAOYSA-N,430.0,,,lambda_train
N#Cc1ccc(N=Nc2ccc(O)c3ncccc23)cc1,LQECPMUYOPGWKO-UHFFFAOYSA-N,413.0,,,lambda_train
Cc1ccc(N=Nc2c(N)n(C)c(=O)n(C)c2=O)cc1,NUSHKFXJSQSPQC-UHFFFAOYSA-N,364.0,,,lambda_train
N#CCCNc1ccc(N=Nc2ccccc2F)cc1,GHAMZCMTMLKBFT-UHFFFAOYSA-N,404.0,,,lambda_train
Cc1cc(N(CCO)CCC#N)ccc1N=Nc1ccc([N+](=O)[O-])cc1,PIBTYZGGTBGGCN-UHFFFAOYSA-N,461.0,,,lambda_train
Clc1ccc(N=Nc2cc3c4c(c2)CCCN4CCC3)cc1,IRVGFRYXXNOKJI-UHFFFAOYSA-N,461.0,,,lambda_train
Cc1ccc(N=Nc2cc3c4c(c2)CCCN4CCC3)cc1,OKNIGSAOHPNDNC-UHFFFAOYSA-N,446.0,,,lambda_train
Cc1n[nH]c(C)c1N=Nc1cccc(F)c1,DYPGAESZJXSZHQ-UHFFFAOYSA-N,334.0,123840.0,5.092860943338818,lambda_train
c1ccc2sc(N=Nc3nc4ccccc4s3)nc2c1,OUHJHSJEWQBGLH-UHFFFAOYSA-N,421.0,,,lambda_train
CCOC(=O)c1c(N2CC2)sc(N=Nc2ccc([N+](=O)[O-])cc2C(F)(F)F)c1-c1ccccc1,BGPLCRKKIYYMNS-UHFFFAOYSA-N,536.0,,,lambda_train
CCn1c(NCCCOC)c(N=Nc2cccc(C)c2C)c(C)c(C#N)c1=O,JXMDVLVFRCCISN-UHFFFAOYSA-N,399.0,,,lambda_train
Cc1c(N=Nc2c(Br)cc([N+](=O)[O-])cc2C#N)sc(NCCOS(C)(=O)=O)c1C#N,QXORVISBJIEPBX-UHFFFAOYSA-N,584.0,,,lambda_train
CS(=O)(=O)OCCNc1sc(N=Nc2ccc([N+](=O)[O-])cc2C#N)cc1C#N,OUFXBINEFMWTIZ-UHFFFAOYSA-N,592.0,,,lambda_train
Fc1ccc(N=Nc2cc3c4c(c2)CCCN4CCC3)cc1,IKHUGRKEQDIQFW-UHFFFAOYSA-N,450.0,,,lambda_train
c1ccc(N=Nc2cccs2)cc1,INAZYQSLDSRDEK-UHFFFAOYSA-N,359.0,25416.0,4.405107201819091,lambda_train
Fc1ccccc1N=Nc1ccccc1F,PMTXNUQIRPNAHA-UHFFFAOYSA-N,325.0,39591.62919839805,4.597603373369181,lambda_train
Cc1noc(C)c1N=Nc1cccc(N)c1,HMRDPKXPLIZPQI-UHFFFAOYSA-N,315.0,,,lambda_train
c1ccc(N=Nc2ccc(Nc3ccccc3)cc2)cc1,VXLFYNFOITWQPM-UHFFFAOYSA-N,411.0,,,lambda_train
CCOC(=O)c1c(NCCBr)sc(N=Nc2ccc([N+](=O)[O-])cc2C#N)c1-c1ccccc1,OSEJALGLDIHWBU-UHFFFAOYSA-N,548.0,,,lambda_train
N#CCCN1CCCc2cc(N=Nc3ccc(C#N)cc3)ccc21,YNQPNSBCQBGZMQ-UHFFFAOYSA-N,450.0,,,lambda_train
Cn1cncc1N=Nc1ccccc1,WVCNDLFWOJVXGP-UHFFFAOYSA-N,362.0,561600.0,5.749427099121749,lambda_train
Cc1nn(C)c(C)c1N=Nc1ccccc1N1CCCC1,YDDDNBLASVVRFU-UHFFFAOYSA-N,322.0,29880.0,4.475380593143361,lambda_train
CN(CCC#N)c1ccc(N=Nc2ccccc2)cc1,WKRPJRMGCMKTHF-UHFFFAOYSA-N,396.0,,,lambda_train
CN(C)c1ccc(N=Nc2ccccc2)cc1,JCYPECIVGRXBMO-UHFFFAOYSA-N,408.0,,,lambda_train
CCN(CC)c1ccc(N=Nc2c(Br)cc([N+](=O)[O-])cc2[N+](=O)[O-])cc1,BFGFQZGQEMFILO-UHFFFAOYSA-N,540.0,,,lambda_train
N#CCCNc1ccc(N=Nc2ccccc2CCO)cc1,YBFZCTVDARVWKV-UHFFFAOYSA-N,399.0,,,lambda_train
CN(CCC#N)c1ccc(N=Nc2ccc([N+](=O)[O-])cc2)cc1,GYBDRUAPPXYFAN-UHFFFAOYSA-N,448.0,,,lambda_train
Cc1cc(N(C)C)ccc1N=Nc1ccccc1,QXTOLYZIJUDOIT-UHFFFAOYSA-N,460.0,,,lambda_train
Clc1ccc(N=Nc2ccc(Cl)cc2)cc1,XHQLXCFUPJSGOE-UHFFFAOYSA-N,331.0,,,lambda_train
CC(=O)c1ccc(N=Nc2ccc(N(CCO)CCO)cc2)cc1,ONBNHNQXVKSSMQ-UHFFFAOYSA-N,448.0,,,lambda_train
CCN(CC)c1ccc(N=Nc2ccc(C(F)(F)C(F)(F)C(F)(F)C(F)(F)C(F)(F)C(F)(F)F)cc2)cc1,DMWKOABUWSGEMY-UHFFFAOYSA-N,444.0,,,lambda_train
Cc1ccc(C)c(N=Nc2cc(C)ccc2C)c1,VQXWBCZVCAOSHC-UHFFFAOYSA-N,336.0,,,lambda_train
Oc1ccc2ccccc2c1N=Nc1cccc2cccnc12,DNGKBSMJMAPKPF-UHFFFAOYSA-N,502.0,,,lambda_train
Cc1cc(N(C)C)ccc1N=Nc1ccc(N)cc1,LSLZRFFCASZXTC-UHFFFAOYSA-N,409.0,,,lambda_train
ClCCN(CCCl)c1ccc(N=Nc2ccc(Cl)cc2)cc1,IXBMHHQZZPLMGJ-UHFFFAOYSA-N,405.0,,,lambda_train
CCN(CC)c1ccc(N=Nc2ccc([N+](=O)[O-])cc2C#N)cc1OC,DVWLCFAWPIPWDP-UHFFFAOYSA-N,555.0,,,lambda_train
COc1ccc(N=Nc2cc3c4c(c2)CCCN4CCC3)cc1,HHMBNVOSWSHUFM-UHFFFAOYSA-N,452.0,,,lambda_train
Cc1c(Cl)cccc1N=Nc1cccc(Cl)c1C,ITGXGGYRXNZDOO-UHFFFAOYSA-N,329.0,,,lambda_train
O=[N+]([O-])c1cccc(Cc2cnc(N=Nc3c(O)ccc4ccccc34)s2)c1,VCACCEKTJDHJNG-UHFFFAOYSA-N,491.0,,,lambda_train
Cc1nn(-c2ccc(S(=O)(=O)O)cc2)c(O)c1N=Nc1c(C)nn(-c2ccc(S(=O)(=O)O)c(Cl)c2Cl)c1O,SKDUZRVJOWPMFV-UHFFFAOYSA-N,440.0,,,lambda_train
Cc1cc(N=Nc2ccccc2)c(C)n1C,ZOQCNRPXMNAYFF-UHFFFAOYSA-N,363.0,319680.0,5.504715466545888,lambda_train
CCN(CC)c1ccc(N=Nc2ccc(C#N)cc2C#N)cc1,IDYHLELKYDVLBR-UHFFFAOYSA-N,514.0,,,lambda_train
CCOC(=O)c1csc(N=Nc2nc(C(=O)OCC)c(NCCCN(C)C)s2)n1,UTHWASFXBKOQKH-UHFFFAOYSA-N,536.0,,,lambda_train
CCN(CC)c1ccc(N=Nc2ccc(C(C)=O)cc2)cc1,LUAIMNWRBPKYDJ-UHFFFAOYSA-N,462.0,,,lambda_train
CCCCCCCCCCN1C(=O)c2cccc3c(N=Nc4c(O)c(O)cc5ccccc45)ccc(c23)C1=O,WEJPIINXWPICRA-UHFFFAOYSA-N,510.0,,,lambda_train
CC(=O)Nc1ccc(N=Nc2cc(C)ccc2O)cc1,PXOZAFXVEWKXED-UHFFFAOYSA-N,357.0,,,lambda_train
Cc1cc(N(CCO)CCC#N)ccc1N=Nc1cccc(C(F)(F)F)c1,NHFOQMKIOPFERT-UHFFFAOYSA-N,418.0,,,lambda_train
Cc1cc(N=Nc2ccc(N3CCCC3)c(C)c2)ccc1N1CCCC1,RBORGDDRVDGSBI-UHFFFAOYSA-N,406.0,,,lambda_train
CNc1ccc(N=Nc2ccc([N+](=O)[O-])cc2)cc1,LBDBENXNLQAQKL-UHFFFAOYSA-N,464.0,,,lambda_train
Cc1cccc(N=Nc2ccc(NCCC#N)cc2C)c1,TUIZECXSMXAYOW-UHFFFAOYSA-N,400.0,,,lambda_train
CN(C)c1cc(Cl)c(N=Nc2c(Cl)cccc2Cl)c(Cl)c1,LMYQABBVSZOWLL-UHFFFAOYSA-N,400.0,60480.0,4.78161178249315,lambda_train
Cc1ccc(N=Nc2ccc(C)c(C)c2)cc1C,WEVSWJHEFVKUSR-UHFFFAOYSA-N,333.0,,,lambda_train
CCn1c(O)c(N=Nc2ccc([N+](=O)[O-])cc2OC)c(C)c(C#N)c1=O,GCHHSLIJRQLREW-UHFFFAOYSA-N,452.0,,,lambda_train
CCOC(=O)c1c(N2CC2)sc(N=Nc2c(Br)cc([N+](=O)[O-])cc2[N+](=O)[O-])c1-c1ccccc1,IJJNDAHGUGPRDM-UHFFFAOYSA-N,586.0,,,lambda_train
FC(F)(F)c1ccc(N=Nc2cc3c4c(c2)CCN4CCC3)cc1,VLGROODNLONEGY-UHFFFAOYSA-N,461.0,,,lambda_train
CS(=O)(=O)OCCNc1sc(N=Nc2ccc([N+](=O)[O-])cc2Cl)cc1C#N,QDOBZULJXKNNKW-UHFFFAOYSA-N,606.0,,,lambda_train
COc1cc(NC(C)=O)ccc1N=Nc1ccc(NC(C)=O)cc1OC,NPTOORIORJTZFV-UHFFFAOYSA-N,338.0,6838.54809631482,3.834963905712666,lambda_train
CC(=O)Nc1ccc(N=Nc2ccc(O)cc2)cc1,DXKBMLFQENYTOP-UHFFFAOYSA-N,368.0,,,lambda_train
COC(=O)c1ccc(N=Nc2ccc(N(C)C)cc2)cc1,JTFDDDDHFROPQU-UHFFFAOYSA-N,442.0,,,lambda_train
CCN(CC)c1ccc(N=Nc2ccc(N3CCOCC3)cc2)cc1,IOCCYENKFRNYFR-UHFFFAOYSA-N,417.0,,,lambda_train
Cc1noc(C)c1N=Nc1cc(F)ccc1F,VNEOWYGTDYFWTE-UHFFFAOYSA-N,328.0,,,lambda_train
Oc1ccc2ccccc2c1N=Nc1nncs1,DIWDOSQTRJOPTG-UHFFFAOYSA-N,477.0,,,lambda_train
CN(C)c1ccc(N=Nc2cccc(Br)c2)cc1,XMJQUNYUCLITRE-UHFFFAOYSA-N,421.0,,,lambda_train
CCN(CC)c1ccc(N=Nc2c(C#N)cc([N+](=O)[O-])cc2C#N)cc1,CHHFVXMREVWSSF-UHFFFAOYSA-N,592.0,,,lambda_train
Cc1ccc(N=Nc2cc3c4c(c2)CCN4CCC3)cc1,AFQMZWGFJVWDSV-UHFFFAOYSA-N,422.0,,,lambda_train
CCN(CCOC(=O)CCOCCNc1ccccc1)c1ccc(N=Nc2ccc([N+](=O)[O-])cc2)cc1,XXCFNOKTBMEZTF-UHFFFAOYSA-N,473.0,,,lambda_train
O=[N+]([O-])c1cc(Br)c(N=Nc2sc(NCCBr)cc2-c2ccccc2)c([N+](=O)[O-])c1,MPFOFMMQKMNNAV-UHFFFAOYSA-N,567.0,,,lambda_train
CN(C)c1ccc(N=Nc2c(F)c(F)c(NCCN)c(F)c2F)cc1,VNYQHRRWINYKCU-UHFFFAOYSA-N,425.0,,,lambda_train
Cc1cc(N(CCO)CCC#N)ccc1N=Nc1ccccc1[N+](=O)[O-],MAWDAVPZEGMBRP-UHFFFAOYSA-N,429.0,,,lambda_train
Cc1cc(C)cc(N=Nc2ccc(O)cc2)c1,AOWVHANEARLKEN-UHFFFAOYSA-N,351.0,,,lambda_train
CCN(CC)c1ccc(N=Nc2ccccc2)cc1,SJJISKLXUJVZOA-UHFFFAOYSA-N,416.0,,,lambda_train
Cc1cc(N=Nc2ccccc2)ccc1O,YJHZQWSSAFUAIG-UHFFFAOYSA-N,354.0,,,lambda_train
CCOC(=O)c1c(NCCBr)sc(N=Nc2ccc([N+](=O)[O-])cc2Cl)c1-c1ccccc1,OXIRFPLBWVAXIF-UHFFFAOYSA-N,524.0,,,lambda_train
CN(C)c1ccc(N=Nc2c(F)c(F)c3c(c2F)Nc2ccccc2S3)cc1,SUHGLOPLFCDDPM-UHFFFAOYSA-N,477.0,,,lambda_train
CCN(CC)c1ccc(N=Nc2cc(C(=O)OC)c([N+](=O)[O-])cc2C(=O)OC)c(NC(C)=O)c1,PDZMZPGVYJWGAS-UHFFFAOYSA-N,528.0,,,lambda_train
CC(C)c1ccncc1N=Nc1ccccc1,OZEGRNCJRBRJCI-UHFFFAOYSA-N,323.0,1137357.686683396,6.05589706708325,lambda_train
CCN(CC)c1ccc(N=Nc2ccc(N)cc2)cc1,GJHHSJRCUUFBLO-UHFFFAOYSA-N,412.0,,,lambda_train
CCN(CC)c1ccc(N=Nc2c(Cl)cc([N+](=O)[O-])cc2C#N)cc1,NQRFRUSBJBMVOJ-UHFFFAOYSA-N,551.0,,,lambda_train
ClCCN(CCCl)c1ccc(N=Nc2cccc(Cl)c2)cc1,KSOKKQJLQRLZGJ-UHFFFAOYSA-N,406.0,,,lambda_train
CCOC(=O)c1c(NCCBr)sc(N=Nc2ccc([N+](=O)[O-])cc2)c1-c1ccccc1,PHIOLXHHTXZGPV-UHFFFAOYSA-N,502.0,,,lambda_train
Cc1cc(N(CCO)CCC#N)ccc1N=Nc1cccc(F)c1,MGXFQBKDKSLDMS-UHFFFAOYSA-N,415.0,,,lambda_train
Cc1n[nH]c(C)c1N=Nc1cccc(Cl)c1,AKOJCOMEERCYHD-UHFFFAOYSA-N,336.0,3636.0,3.56062387454993,lambda_train
Cc1noc(C)c1N=Nc1ccc(C(F)(F)F)cc1,WVCHMHBJQLQSDT-UHFFFAOYSA-N,312.0,,,lambda_train
Cc1n[nH]c(C)c1N=Nc1ccccc1,SUJFLVSMVSJQDE-UHFFFAOYSA-N,330.0,31644.0,4.500291375841059,lambda_train
CNc1ccccc1N=Nc1nccs1,NQPUZKSSONNBFH-UHFFFAOYSA-N,508.0,,,lambda_train
N#Cc1cc([N+](=O)[O-])ccc1N=Nc1sc(N2CC2)cc1-c1ccccc1,IALHEOSBBJKYCE-UHFFFAOYSA-N,588.0,,,lambda_train
CN(C)c1ccc(N=Nc2ccccc2C(=O)O)cc1,CEQFOVLGLXCDCX-UHFFFAOYSA-N,410.0,,,lambda_train
CCN(CC)c1ccc(N=Nc2ccc([N+](=O)[O-])cc2[N+](=O)[O-])cc1OC,OHKVANLFLUAKQV-UHFFFAOYSA-N,540.0,,,lambda_train
COc1ccc(N=Nc2ccccc2)c(OC)c1,ILPDRVDQZSFGNG-UHFFFAOYSA-N,362.0,,,lambda_train
Cc1cc(NCCC#N)ccc1N=Nc1ccc(Cl)cc1,LURIMZHQZVQXDL-UHFFFAOYSA-N,404.0,,,lambda_train
Oc1ccc(N=Nc2cc(Br)ccc2Cl)cc1,JHYFNRKMDBWQEK-UHFFFAOYSA-N,370.0,,,lambda_train
N#CCCNc1ccc(N=Nc2ccc(F)cc2)cc1,CBRQSMVJWRSUTJ-UHFFFAOYSA-N,398.0,,,lambda_train
CCn1c(O)c(N=Nc2nc(C)cs2)c(C)c(C#N)c1=O,LIHWTNRVKXITLV-UHFFFAOYSA-N,466.0,,,lambda_train
Cc1ccccc1N=Nc1ccc(N(CCO)CCC#N)cc1C,QJSZQHCCYSOSRG-UHFFFAOYSA-N,405.0,,,lambda_train
CCOC(=O)c1c(N2CC2)sc(N=Nc2ccc([N+](=O)[O-])cc2C#N)c1-c1ccccc1,BPEBTBFWSIYPIA-UHFFFAOYSA-N,576.0,,,lambda_train
CN(C)c1ccc(N=Nc2ccc(N(C)C)cc2)cc1,NMTGSDIMWJJCNO-UHFFFAOYSA-N,457.0,,,lambda_train
O=C(O)CNC(=O)c1ccc(N=Nc2ccc(N(CCO)CCO)cc2)cc1,ICESMRJRHGTKKZ-UHFFFAOYSA-N,431.0,,,lambda_train
COc1ccc(OC)c(N=Nc2cc(OC)ccc2OC)c1,FXHDKZPLFMIQHU-UHFFFAOYSA-N,411.0,,,lambda_train
COc1ccccc1N=Nc1ccc(N(CCO)CCC#N)cc1C,BJOIVUVTMXFMAR-UHFFFAOYSA-N,409.0,,,lambda_train
CCCn1cc(N=Nc2ccc(C(C)(C)C)cc2)c(=O)[nH]c1=O,HCEVLFWSACAGKJ-UHFFFAOYSA-N,375.0,701850.3326952875,5.846244510114775,lambda_train
Cc1ccc(O)c(N=Nc2cc([N+](=O)[O-])cc([N+](=O)[O-])c2O)c1,FOKSPEFAGGJDHP-UHFFFAOYSA-N,400.0,,,lambda_train
Cc1ccccc1N=Nc1ccccc1C,LNXCQLYWNWAIRB-UHFFFAOYSA-N,331.0,,,lambda_train
CCN(CC)c1ccc(N=Nc2ccc(N3CCOCC3)c(C)c2)cc1,ZHQWZRLGBXWPQY-UHFFFAOYSA-N,412.0,,,lambda_train
CCOC(=O)c1c(N2CC2)sc(N=Nc2ccc(C#N)cc2)c1-c1ccccc1,PEZNYRHLSBTPIR-UHFFFAOYSA-N,485.0,,,lambda_train
CN(C)c1ccc(N=Nc2ccc(F)cc2)cc1,OQJQPXJGJJPOEK-UHFFFAOYSA-N,407.0,,,lambda_train
COc1ccccc1N=Nc1ccc(N(CCCl)CCCl)cc1,SXHXONIJPLZEGK-UHFFFAOYSA-N,405.0,,,lambda_train
Cc1cc(NCCC#N)ccc1N=Nc1cccc(F)c1,XJPWAVMBUBNCBS-UHFFFAOYSA-N,406.0,,,lambda_train
COc1ccc(N=Nc2c(C)n[nH]c2C)cc1,CJXGVQLGAWTKFC-UHFFFAOYSA-N,342.0,72684.0,4.861438819710926,lambda_train
Brc1cccc(N=Nc2ccccc2)c1,FMNSVCUNXLMOSA-UHFFFAOYSA-N,321.0,,,lambda_train
Cn1c(N)c(N=Nc2ccccc2)c(=O)n(C)c1=O,AZLHNUSCZBWRPA-UHFFFAOYSA-N,361.0,,,lambda_train
Oc1ccc(N=Nc2ccc(Cl)cc2)c(O)c1,XIQBUZRHORLUFE-UHFFFAOYSA-N,387.0,,,lambda_train
Cc1noc(C)c1N=Nc1ccc(Cl)cc1,RNGOLCHPRVGAPG-UHFFFAOYSA-N,323.0,,,lambda_train
CC(=O)Nc1ccc(N=Nc2ccc(O)c3ncccc23)cc1,DKRPSSOODLBKPQ-UHFFFAOYSA-N,390.0,,,lambda_train
Cc1cc(C)cc(N=Nc2ccccc2O)c1,FNIULCMADCCDQN-UHFFFAOYSA-N,332.0,,,lambda_train
Oc1ccc(N=Nc2nc(-c3ccc(Cl)cc3)cs2)c2cccnc12,FQYKYXVVLKBGDQ-UHFFFAOYSA-N,456.0,,,lambda_train
c1ccc(-c2noc(-c3ccccc3)c2N=Nc2ccccc2N2CCCC2)cc1,NXFZKTAINKUJEO-UHFFFAOYSA-N,332.0,33840.0,4.529430354366986,lambda_train
Cn1cc(N=Nc2c(F)cccc2F)cn1,ZMIJWCIBRKTKNH-UHFFFAOYSA-N,316.0,1443750000.0,9.15949199723622,lambda_train
CCn1c(O)c(N=Nc2cc(C)ccc2OC)c(C)c(C#N)c1=O,XXITWXGQROLIIF-UHFFFAOYSA-N,459.0,,,lambda_train
CCOC(=O)c1c(NCCBr)sc(N=Nc2ccc(Br)cc2)c1-c1ccccc1,NVRLXPIQDJUSHM-UHFFFAOYSA-N,459.0,,,lambda_train
CCN(CCC#N)c1ccc(N=Nc2c(Cl)cccc2Cl)cc1,TUDHCFYFANHJPS-UHFFFAOYSA-N,396.0,,,lambda_train
CC(=O)Nc1ccc(N=Nc2ccc(N(CCO)CCO)cc2)cc1,WBRKWMAMQMYOQF-UHFFFAOYSA-N,417.0,,,lambda_train
N#CCCNc1ccc(N=Nc2ccc(Cl)cc2)cc1,IGAPODPTMCMTIJ-UHFFFAOYSA-N,404.0,,,lambda_train
COCCCNc1c(N=Nc2cccc(C)c2C)c(C)c(C#N)c(=O)n1CCCOC(C)C,GWVXCEUUMDHJLZ-UHFFFAOYSA-N,400.0,,,lambda_train
COc1ccc(N=Nc2ccc(OC)cc2F)cc1,KCELMVPCQGEXSY-UHFFFAOYSA-N,357.0,150480.0,5.177478782542322,lambda_train
CCN(CC)c1ccc(N=Nc2ccc([N+](=O)[O-])cc2C#N)cc1,IQVHLIMILWPTRL-UHFFFAOYSA-N,542.0,,,lambda_train
CN(C)c1ccc(N=Nc2ccc(Br)cc2)cc1,GMAYRELXLJMMQU-UHFFFAOYSA-N,419.0,,,lambda_train
CC(=O)c1cccc(N=Nc2ccc(N(C)C)cc2C)c1,VTURMOJDPBBLTE-UHFFFAOYSA-N,424.0,,,lambda_train
CCOC(=O)C1=C(C)NC(=O)NC1c1ccc(N=Nc2c(C)c(C#N)c(=O)n(-c3ccccc3)c2O)cc1,NGDZZOSCEADYQG-UHFFFAOYSA-N,443.0,,,lambda_train
CCn1c(NCCCOC)c(N=Nc2ccc(C(=O)OC)cc2)c(C)c(C#N)c1=O,WKZXBLSMTUAYIB-UHFFFAOYSA-N,439.0,,,lambda_train
Cc1noc(C)c1N=Nc1ccc(F)cc1F,LTXNYLCIABTGAE-UHFFFAOYSA-N,324.0,,,lambda_train
COc1ccccc1N=Nc1c(C)noc1C,LGQVBDFWRLUZET-UHFFFAOYSA-N,311.0,,,lambda_train
Cc1cc(NCCC#N)ccc1N=Nc1ccc(C#N)cc1,IODDPPTXPPETSC-UHFFFAOYSA-N,428.0,,,lambda_train
Cc1ccccc1N=Nc1ccc(N(C)C)cc1C,DEFNFSBSURXTQC-UHFFFAOYSA-N,400.0,,,lambda_train
Fc1cc(F)c(N=Nc2c(F)cc(F)cc2F)c(F)c1,HMLFKPVOBDCWOV-UHFFFAOYSA-N,309.0,72187.5,4.858462001572239,lambda_train
Cc1ccc(N=Nc2ccc(C(F)(F)F)cc2)s1,GCBKMRBULBHDAY-UHFFFAOYSA-N,375.0,28764.0,4.458849280081279,lambda_train
CN(C)c1ccc(N=Nc2cc(C(F)(F)F)ccc2C(F)(F)F)cc1,JQZKCROWJWVJDK-UHFFFAOYSA-N,450.0,,,lambda_train
CCOc1ccc(N=Nc2ccc(O)c3ncccc23)cc1,NHNCFENOUYGUML-UHFFFAOYSA-N,388.0,,,lambda_train
O=[N+]([O-])c1ccccc1N=Nc1ccccc1[N+](=O)[O-],QARMSQRZTXVCAA-UHFFFAOYSA-N,323.0,,,lambda_train
Brc1ccc(N=Nc2cc3c4c(c2)CCN4CCC3)cc1,BYXKPNBECWZPAA-UHFFFAOYSA-N,448.0,,,lambda_train
N#Cc1ccc(Cl)c(N=Nc2ccc(O)cc2)c1,HPVBNWIOUHPWFG-UHFFFAOYSA-N,372.0,,,lambda_train
Clc1ccccc1N=Nc1ccccc1Cl,FIQUJBRQBIUISO-UHFFFAOYSA-N,328.0,,,lambda_train
CCn1c(NCCCOC)c(N=Nc2ccc([N+](=O)[O-])cc2)c(C)c(C#N)c1=O,PRUOGHWWYGASDQ-UHFFFAOYSA-N,460.0,,,lambda_train
CCN(CC)c1ccc(N=Nc2cc(C(=O)OC)c([N+](=O)[O-])cc2C(=O)OC)cc1,ZNGZDUXDBCCQHB-UHFFFAOYSA-N,504.0,,,lambda_train
CCN(CCC#N)c1ccc(N=Nc2ccc(C#N)cc2)cc1,HSFXFUKPLJEFMM-UHFFFAOYSA-N,433.0,,,lambda_train
N#Cc1cc([N+](=O)[O-])ccc1N=Nc1sc(NCCBr)cc1-c1ccccc1,OXDDTOLBDZFPPT-UHFFFAOYSA-N,564.0,,,lambda_train
Cn1c(N=Nc2nc3ccccc3n2C)nc2ccccc21,PHXYAMQGCPVXMC-UHFFFAOYSA-N,439.0,,,lambda_train
CCOC(=O)C1=C(C)NC(=O)NC1c1ccc(N=Nc2c(C)c(C#N)c(=O)n(CCO)c2O)cc1,ZPHWCSYWAHVHKM-UHFFFAOYSA-N,440.0,,,lambda_train
CCOC(=O)c1c(N2CC2)sc(N=Nc2ccc(C(C)=O)cc2)c1-c1ccccc1,DVDWIJWLEGVGKE-UHFFFAOYSA-N,484.0,,,lambda_train
CC(O)c1cccc(N=Nc2ccc(NCCC#N)cc2)c1,QSWPIMUPACEFDE-UHFFFAOYSA-N,396.0,,,lambda_train
CN(C)c1ccc(N=Nc2ccc(O)cc2)cc1,CQKQINNUKSBEQR-UHFFFAOYSA-N,435.0,,,lambda_train
Cn1c(N)c(N=Nc2ccc([N+](=O)[O-])cc2)c(=O)n(C)c1=O,VSWLRSADJTYMRD-UHFFFAOYSA-N,397.0,,,lambda_train
CCN(CC)c1ccc(N=Nc2ccc(N(C)C)cc2)cc1,QXXCXRVTDLNQRA-UHFFFAOYSA-N,420.0,,,lambda_train
COc1c(N=Nc2c(O)nc(O)nc2O)cc(C)cc1S(N)(=O)=O,CQOAOPRHSOUHBX-UHFFFAOYSA-N,408.0,,,lambda_train
Cc1cc(N(CCO)CCC#N)ccc1N=Nc1ccc(C#N)cc1,HYRZJQBJQVBHIN-UHFFFAOYSA-N,437.0,,,lambda_train
COc1ccc(N=Nc2ccccc2)s1,OQNVGGNFXMOWRK-UHFFFAOYSA-N,393.0,10188.0,4.008088936291577,lambda_train
Cc1cc(N(C)C)ccc1N=Nc1ccc([N+](=O)[O-])cc1C,VPMYEZJCLGVDEL-UHFFFAOYSA-N,452.0,,,lambda_train
CC(C)(C)c1cc(N=Nc2nc(-c3ccc([N+](=O)[O-])cc3)cs2)c(O)c(C(C)(C)C)c1,WOHUNZUXMWSLNN-UHFFFAOYSA-N,466.0,,,lambda_train
Oc1ccc(N=Nc2cccc3cccnc23)c2cccnc12,CANFDRZOEXUZQK-UHFFFAOYSA-N,410.0,,,lambda_train
N#Cc1ccc(N=Nc2cc3c4c(c2)CCN4CCC3)cc1,RVSAKQODTBCUIM-UHFFFAOYSA-N,487.0,,,lambda_train
CCc1nnc(N=Nc2c(C)[nH]c3ccccc23)s1,JKKFJKNDZATIFI-UHFFFAOYSA-N,420.0,,,lambda_train
CCN(CC)c1ccc(N=Nc2c(Cl)cc([N+](=O)[O-])cc2C#N)c(OC)c1,VGFOBXIAEUSIRU-UHFFFAOYSA-N,565.0,,,lambda_train
Fc1cccc(F)c1N=Nc1ccccc1,FNYUQQKAQPFIIJ-UHFFFAOYSA-N,309.0,89980.83525067387,4.954150020204021,lambda_train
COCCCNc1nc(NCCCOC)c(N=Nc2ccccc2C(=O)OC)c(C)c1C#N,KMWOYIHYQIVSQC-UHFFFAOYSA-N,437.0,,,lambda_train
CCN(CCO)c1ccc(N=Nc2ccc([N+](=O)[O-])cc2)cc1,FOQABOMYTOFLPZ-UHFFFAOYSA-N,481.0,,,lambda_train
Cc1ccc(N=Nc2ccc(O)c3ncccc23)cc1,VZLUNLPYLKJNQR-UHFFFAOYSA-N,390.0,,,lambda_train
Brc1ccc(N=Nc2ccccc2)cc1,SVJSEJOASMWXGQ-UHFFFAOYSA-N,329.0,,,lambda_train
Cc1cccc(N=Nc2ccc(O)cc2)c1,LQDFBFVNDDEUKX-UHFFFAOYSA-N,349.0,,,lambda_train
Cc1n[nH]c(C)c1N=Nc1ccc(F)cc1F,ZQRHPDOOYYTCTO-UHFFFAOYSA-N,336.0,,,lambda_train
COC1CCC(C2C(N=Nc3nc4ccc([N+](=O)[O-])cc4s3)SC(N)C2C#N)CC1,TYDPYRYBDDWXMQ-UHFFFAOYSA-N,550.0,,,lambda_train
Cc1noc(C)c1N=Nc1cccc(Cl)c1,DDCDVFXSOIMTHH-UHFFFAOYSA-N,315.0,,,lambda_train
CCN(CC(O)CO)c1ccc(N=Nc2ccccc2)c(C)c1,OCIQKBUHEIJQHP-UHFFFAOYSA-N,420.0,,,lambda_train
CC(=O)Nc1cccc(N=Nc2c(C)noc2C)c1,BZLJDZFXIBSLBO-UHFFFAOYSA-N,315.0,,,lambda_train
COCCCNc1nc(NCCCOC)c(N=Nc2ccc(C(=O)OC)cc2)c(C)c1C#N,JZJRHVXGKOVMEF-UHFFFAOYSA-N,451.0,,,lambda_train
CN(C)c1ccc(N=Nc2c(F)c(F)c(F)c(F)c2F)cc1,ZPDAONWINHMRBC-UHFFFAOYSA-N,439.0,,,lambda_train
Cc1noc(C)c1N=Nc1ccc(I)cc1,WAUREJQUYNZJQH-UHFFFAOYSA-N,330.0,,,lambda_train
CCOC(=O)c1c(NCCBr)sc(N=Nc2ccc([N+](=O)[O-])cc2[N+](=O)[O-])c1-c1ccccc1,OEYSRBBZTBWYPH-UHFFFAOYSA-N,538.0,,,lambda_train
Cn1nc(-c2ccccc2)c(N=Nc2ccccc2N2CCCC2)c1-c1ccccc1,GQKPIXTZVDBOCR-UHFFFAOYSA-N,326.0,27360.0,4.437116093048078,lambda_train
COc1ccc(C)cc1N=Nc1cc(C(C)(C)C)cc(C(C)(C)C)c1O,UVTXPZYFLCZMQF-UHFFFAOYSA-N,392.0,,,lambda_train
CS(=O)(=O)CC(=O)Nc1ccc(N=Nc2ccc(NC(=O)CS(C)(=O)=O)cc2)cc1,VMDXIBUXYDXICZ-UHFFFAOYSA-N,366.0,43200.0,4.635483746814912,lambda_train
Cc1noc(C)c1N=Nc1ccccc1[N+](=O)[O-],CGLQEIVUHVTQHN-UHFFFAOYSA-N,318.0,,,lambda_train
CCOC(=O)c1csc(N=Nc2nc(C(=O)OCC)c(Nc3ccc(C)cc3)s2)n1,UUGAZMALRGMKHE-UHFFFAOYSA-N,561.0,,,lambda_train
Cc1cnc(N=Nc2ccc(O)c3ncccc23)s1,CWYXBDFBOYTRNW-UHFFFAOYSA-N,436.0,,,lambda_train
CCN(CCC#N)c1ccc(N=Nc2ccc([N+](=O)[O-])cc2)c(C)c1,GEXDFMFTBZZOAT-UHFFFAOYSA-N,463.0,,,lambda_train
Oc1ccc(N=Nc2ccccc2)cc1,BEYOBVMPDRKTNR-UHFFFAOYSA-N,348.0,,,lambda_train
FC(F)(F)c1ccc(N=Nc2ccc(C(F)(F)F)cc2)cc1,CQHZRYVXUANNRW-UHFFFAOYSA-N,313.0,,,lambda_train
Cc1cc(NCCC#N)ccc1N=Nc1ccc([N+](=O)[O-])cc1,GIKFKUDPWMIREB-UHFFFAOYSA-N,451.0,,,lambda_train
Nc1ccccc1N=Nc1ccccc1,KQZBSZUGKSCFBL-UHFFFAOYSA-N,421.0,,,lambda_train
O=[N+]([O-])c1ccc(N=Nc2ccc(N(CCO)CCO)cc2)cc1,GHDZRIQTRDZCMV-UHFFFAOYSA-N,481.0,,,lambda_train
Brc1cccc(N=Nc2cccc(Br)c2)c1,VEVQNDVHZNOSHX-UHFFFAOYSA-N,320.0,,,lambda_train
O=[N+]([O-])c1cc(Cl)c(N=Nc2c(Cl)cccc2Cl)c(Cl)c1,AOYHPXUOILZXPE-UHFFFAOYSA-N,310.0,3960.0,3.597695185925512,lambda_train
Cc1cccc(N=Nc2ccc(N(CCO)CCC#N)cc2C)c1,ZVGILKDSEKGHHR-UHFFFAOYSA-N,402.0,,,lambda_train
CCOC(=O)c1nc(N=Nc2nc(C(=O)OCC)c(NCCCN(C)C)s2)sc1NCCCN(C)C,NKGRGOBOETVUIQ-UHFFFAOYSA-N,583.0,,,lambda_train
Cc1cc(N(CCO)CCC#N)ccc1N=Nc1ccc(C(F)(F)F)cc1,RUKKMYNOYQXTLL-UHFFFAOYSA-N,421.0,,,lambda_train
Oc1ccc(N=Nc2ccc(Cl)cc2)c2cccnc12,VTDPXQYPDDHNLB-UHFFFAOYSA-N,387.0,,,lambda_train
O=[N+]([O-])c1ccc(N=Nc2sc(NCCBr)cc2-c2ccccc2)c(C(F)(F)F)c1,RQTYMJNIFVBABP-UHFFFAOYSA-N,584.0,,,lambda_train
Cc1n[nH]c(C)c1N=Nc1c(Cl)cccc1Cl,FHGIKSQSDBSYSY-UHFFFAOYSA-N,307.0,,,lambda_train
CN(C)c1ccc(N=Nc2ccccc2Cl)cc1,AXTUMSFTJSYZOD-UHFFFAOYSA-N,424.0,,,lambda_train
CN(C)c1ccc(N=Nc2ccccc2C#N)cc1,GENDTDONTLYZPL-UHFFFAOYSA-N,449.0,,,lambda_train
CCCCCCCCCCN1C(=O)c2cccc3c(N=Nc4ccc(N)c5c(N)cccc45)ccc(c23)C1=O,ITTNOQPZNABULO-UHFFFAOYSA-N,610.0,,,lambda_train
CCN(CC)c1ccc(N=Nc2ccc([N+](=O)[O-])cc2)c(OC)c1,WGLRXPVPCZACSE-UHFFFAOYSA-N,505.0,,,lambda_train
N#CCCNc1ccc(N=Nc2cccc(Cl)c2)cc1,ZBUHJYXMDJZZGB-UHFFFAOYSA-N,408.0,,,lambda_train
Cn1cccc1N=Nc1ccccc1N1CCCCC1,VBPMLFLGHWCGGE-UHFFFAOYSA-N,377.0,9648.0,3.984437294796076,lambda_train
COc1ccc(C)cc1N=Nc1c(O)ccc2ccccc12,GWDHYAASZOWIJD-UHFFFAOYSA-N,502.0,,,lambda_train
Cc1noc(C)c1N=Nc1ccccc1N1CCOCC1,VXHSFENXGVVFMV-UHFFFAOYSA-N,319.0,103680.0,5.015694988526518,lambda_train
COc1cccc(N=Nc2ccc(NCCC#N)cc2)c1,TVMZYTVXMWZZKR-UHFFFAOYSA-N,394.0,,,lambda_train
CCN(CC)c1ccc(N=Nc2ccc(C(C(F)(F)F)(C(F)(F)F)C(F)(F)F)cc2)cc1,OLVFVRHGEFVGFB-UHFFFAOYSA-N,444.0,,,lambda_train
Cc1ccncc1N=Nc1ccccc1,IJPMEQFEMAVAFG-UHFFFAOYSA-N,322.0,359923.3410026955,5.556210011531983,lambda_train
CCOC(=O)c1ccc(N=Nc2cc[nH]n2)cc1,ANDRYPNVLQUBSU-UHFFFAOYSA-N,331.0,,,lambda_train
CNc1ccc(N=Nc2ccccc2)cc1,DKOXITJAUZNAPK-UHFFFAOYSA-N,402.0,,,lambda_train
Clc1cccc(N=Nc2cccc(Cl)c2)c1,ZAUXEPYLONOZEK-UHFFFAOYSA-N,320.0,,,lambda_train
Cc1ccc(N=Nc2ccc(C#N)cc2)s1,PEROVJZSHLRNHV-UHFFFAOYSA-N,386.0,12708.0,4.10407720615511,lambda_train
N#Cc1ccc(N=Nc2ccc(NCCO)cc2)cc1,NHFROXGYNJPJFX-UHFFFAOYSA-N,364.0,,,lambda_train
COc1cccc(N=Nc2c(C)noc2C)c1,VVWCQTFDBWEJJS-UHFFFAOYSA-N,312.0,,,lambda_train
N#Cc1ccc(N=Nc2ccc(O)cc2)c(Cl)c1,ZBTDMVUGYZTAOZ-UHFFFAOYSA-N,378.0,,,lambda_train
COc1cc(Cl)c(N=Nc2c(Cl)cccc2Cl)c(Cl)c1,SWLBHQAWSHBKDT-UHFFFAOYSA-N,330.0,1235520.0,6.091849779943955,lambda_train
CN(C)c1ccc(N=Nc2ccc(C#N)cc2)cc1,ZBQAHJONNQKVNC-UHFFFAOYSA-N,451.0,,,lambda_train
CN(C)c1ccncc1N=Nc1ccccc1,CSZDGBQEBYVMMN-UHFFFAOYSA-N,313.0,111576.2357108356,5.047571705366256,lambda_train
COc1ccc(N=Nc2ccc(N(CCO)CCO)cc2)cc1,QRYNWRMUZQEDBH-UHFFFAOYSA-N,408.0,,,lambda_train
Cc1nn(-c2ccccc2)c(O)c1N=Nc1c(C)nn(-c2ccc(S(=O)(=O)O)cc2)c1O,LLZKRKGSXSRYFL-UHFFFAOYSA-N,440.0,,,lambda_train
COc1ccc(N=Nc2ccccc2)c(O)c1,YCXJWHKKJOOCJV-UHFFFAOYSA-N,375.0,,,lambda_train
COCCCNc1c(N=Nc2ccc([N+](=O)[O-])cc2)c(C)c(C#N)c(=O)n1CCCOC(C)C,HSONEDJLZHBYKC-UHFFFAOYSA-N,462.0,,,lambda_train
Cc1nn(-c2ccc(S(=O)(=O)O)cc2)c(O)c1N=Nc1c(C)nn(-c2cccc(S(=O)(=O)O)c2)c1O,SLULXMWVSKIDNF-UHFFFAOYSA-N,450.0,,,lambda_train
Cc1cc(N(CCO)CCC#N)ccc1N=Nc1ccccc1Br,OUJUGSWKLWXKEA-UHFFFAOYSA-N,417.0,,,lambda_train
N#Cc1ccc(N=Nc2ccc(N(CCO)CCO)cc2)cc1,KALRBBGHKLBYBU-UHFFFAOYSA-N,452.0,,,lambda_train
CCOC(=O)c1c(NCCBr)sc(N=Nc2ccc([N+](=O)[O-])cc2C(F)(F)F)c1-c1ccccc1,RMMICBGKDQGPLX-UHFFFAOYSA-N,526.0,,,lambda_train
CC(C)(C)c1cc(N=Nc2nncs2)c(O)c(C(C)(C)C)c1,MWDYDTWZMWMKDM-UHFFFAOYSA-N,460.0,,,lambda_train
N#CCCN1CCCc2cc(N=Nc3ccc(C(F)(F)F)cc3)ccc21,OYSDTEKMUOEYEN-UHFFFAOYSA-N,428.0,,,lambda_train
Cc1noc(C)c1N=Nc1ccccc1N,WPUNMKCQSXAFHW-UHFFFAOYSA-N,310.0,,,lambda_train
COc1cccc(N=Nc2ccc(N(C)C)cc2)c1,BGKFVSREYGJGDU-UHFFFAOYSA-N,412.0,,,lambda_train
c1cc(N=Nc2ccn[nH]2)[nH]n1,XNQLMPZKLZSICC-UHFFFAOYSA-N,320.0,,,lambda_train
CCN(CCOC(=O)CCCl)c1ccc(N=Nc2ccc([N+](=O)[O-])cc2)cc1,LNKJMNRSFGFCRW-UHFFFAOYSA-N,468.0,,,lambda_train
Cc1noc(C)c1N=Nc1ccccc1O,ZJCINJNUDPSUJD-UHFFFAOYSA-N,316.0,,,lambda_train
Cc1c(N=Nc2ccc([N+](=O)[O-])cc2C(F)(F)F)sc(NCCOS(C)(=O)=O)c1C#N,PYOWBEQGWDFYJQ-UHFFFAOYSA-N,602.0,,,lambda_train
CCOC(=O)c1nc(N=Nc2nc(C(=O)OCC)c(NCCCNC(=O)OC(C)(C)C)s2)sc1NCCCNC(=O)OC(C)(C)C,NZBUNYWBVVMCPW-UHFFFAOYSA-N,579.0,,,lambda_train
COc1ccc(N=Nc2ccc(OC)cc2)cc1,ICHNIWWYEHETFJ-UHFFFAOYSA-N,354.0,,,lambda_train
